kode,nama
18,LAMPUNG
18.01,KAB. LAMPUNG SELATAN
18.01.04.2001,Hajimena
18.01.04.2002,Sidosari
18.01.04.2003,Pemanggilan
18.01.04.2004,Natar
18.01.04.2005,Muara Putih
18.01.04.2006,Negara Ratu
18.01.04.2007,Merak Batin
18.01.04.2008,Tanjung Sari
18.01.04.2009,Bumi Sari
18.01.04.2010,Candi Mas
18.01.04.2011,Branti Raya
18.01.04.2012,Haduyang
18.01.04.2013,Banjar Negeri
18.01.04.2014,Mandah
18.01.04.2015,Rulung Helok
18.01.04.2016,Bandarejo
18.01.04.2017,Suka Damai
18.01.04.2018,Purwosari
18.01.04.2019,Pancasila
18.01.04.2020,Rejosari
18.01.04.2021,Rulung Raya
18.01.04.2022,Krawang Sari
18.01.04.2023,Wai Sari
18.01.04.2024,Kali Sari
18.01.04.2025,Rulung Sari
18.01.04.2026,Rulung Mulya
18.01.05.2001,Kaliasin
18.01.05.2003,Lematang
18.01.05.2004,Sukanegara
18.01.05.2005,Serdang
18.01.05.2006,Sinar Ogan
18.01.05.2007,Jati Baru
18.01.05.2008,Sabah Balau
18.01.05.2009,Budi Lestari
18.01.05.2010,Trimulyo
18.01.05.2011,Jati Indah
18.01.05.2012,Way Galih
18.01.05.2013,Sindang Sari
18.01.05.2015,Purwodadi Simpang
18.01.05.2021,Galih Lunik
18.01.05.2022,Rejomulyo
18.01.05.2023,Sri Katon
18.01.06.1006,Bumi Agung
18.01.06.1007,Kalianda
18.01.06.1008,Way Urang
18.01.06.1028,Wai Lubuk
18.01.06.2001,Jondong
18.01.06.2002,Tengkujuh
18.01.06.2003,Pauh Tanjung Iman
18.01.06.2004,Sumur Kumbang
18.01.06.2005,Maja
18.01.06.2009,Buah Berak
18.01.06.2010,Kesugihan
18.01.06.2011,Pematang
18.01.06.2012,Kecapi
18.01.06.2013,Babulang
18.01.06.2014,Sukaratu
18.01.06.2015,Palembapang
18.01.06.2016,Tajimalela
18.01.06.2017,Canggu
18.01.06.2018,Kedaton
18.01.06.2019,Merak Belatung
18.01.06.2020,Bulok
18.01.06.2021,Munjuk Sampurna
18.01.06.2022,Gunung Terang
18.01.06.2023,Margacatur
18.01.06.2024,Sukatani
18.01.06.2025,Agom
18.01.06.2026,Negeri Pandan
18.01.06.2027,Taman Agung
18.01.06.2029,Hara Banjar Manis
18.01.07.2001,Bandar Dalam
18.01.07.2002,Campang Tiga
18.01.07.2003,Talang Baru
18.01.07.2004,Suka Banjar
18.01.07.2005,Kota Dalam
18.01.07.2006,Budidaya
18.01.07.2007,Siring Jaha
18.01.07.2008,Suak
18.01.07.2009,Sukamaju
18.01.07.2010,Sukamarga
18.01.07.2011,Seloretno
18.01.07.2012,Sidodadi
18.01.07.2013,Sidorejo
18.01.07.2014,Sidomulyo
18.01.07.2015,Sidowaluyo
18.01.07.2020,Banjar Suri
18.01.08.2001,Tarahan
18.01.08.2002,Babatan
18.01.08.2003,Pardasuka
18.01.08.2004,Sukajaya
18.01.08.2005,Tanjung Ratu
18.01.08.2006,Tanjung Agung
18.01.08.2007,Tanjungan
18.01.08.2008,Trans Tanjungan
18.01.08.2009,Neglasari
18.01.08.2018,Karya Tunggal
18.01.08.2019,Rangai Tri Tunggal
18.01.08.2020,Sidomekar
18.01.09.2001,Kekiling
18.01.09.2002,Belambangan
18.01.09.2003,Rawi
18.01.09.2004,Padan
18.01.09.2005,Kuripan
18.01.09.2006,Taman Baru
18.01.09.2007,Kelau
18.01.09.2008,Ruang Tengah
18.01.09.2009,Pasuruan
18.01.09.2010,Klaten
18.01.09.2011,Kampung Baru
18.01.09.2012,Banjar Masin
18.01.09.2013,Way Kalam
18.01.09.2014,Gedung Harta
18.01.09.2015,Gayam
18.01.09.2016,Penengahan
18.01.09.2017,Sukajaya
18.01.09.2018,Tetaan
18.01.09.2019,Suka Baru
18.01.09.2020,Pisang
18.01.09.2021,Tanjung Heran
18.01.09.2026,Gandri
18.01.10.2001,Sukaraja
18.01.10.2002,Sukabakti
18.01.10.2003,Sukamulya
18.01.10.2004,Tanjung Sari
18.01.10.2005,Bangunan
18.01.10.2006,Rejo Mulyo
18.01.10.2007,Palas Aji
18.01.10.2008,Palas Pasemah
18.01.10.2009,Palas Jaya
18.01.10.2010,Bandan Hurip
18.01.10.2011,Pulau Tengah
18.01.10.2012,Bali Agung
18.01.10.2013,Bumi Daya
18.01.10.2014,Tanjung Jaya
18.01.10.2015,Bumi Restu
18.01.10.2016,Pematang Baru
18.01.10.2017,Mekar Mulya
18.01.10.2018,Bumi Asih
18.01.10.2019,Kalirejo
18.01.10.2020,Bumi Asri
18.01.10.2021,Pulau Jaya
18.01.13.2001,Way Hui
18.01.13.2002,Sidodadi Asri
18.01.13.2003,Margo Mulyo
18.01.13.2004,Gedung Agung
18.01.13.2005,Margodadi
18.01.13.2006,Gedung Harapan
18.01.13.2007,Marga Agung
18.01.13.2008,Jati Mulyo
18.01.13.2009,Fajar Baru
18.01.13.2010,Karang Anyar
18.01.13.2011,Marga Kaya
18.01.13.2012,Margo Lestari
18.01.13.2013,Sumber Jaya
18.01.13.2014,Sinar Rejeki
18.01.13.2015,Sidoharjo
18.01.13.2016,Rejomulyo
18.01.13.2017,Purwotani
18.01.13.2018,Banjar Agung
18.01.13.2019,Karang Sari
18.01.13.2020,Karang Rejo
18.01.13.2021,Margorejo
18.01.14.2001,Bangunrejo
18.01.14.2002,Sripendowo
18.01.14.2003,Karang Sari
18.01.14.2004,Ketapang
18.01.14.2005,Legundi
18.01.14.2006,Tri Dharma Yoga
18.01.14.2007,Ruguk
18.01.14.2008,Sumur
18.01.14.2009,Sumber Nadi
18.01.14.2010,Sidoasih
18.01.14.2011,Pematang Pasir
18.01.14.2012,Berundung
18.01.14.2013,Taman Sari
18.01.14.2014,Kemukus
18.01.14.2015,Lebung Nala
18.01.14.2016,Sidoluhur
18.01.14.2017,Wai Sidomukti
18.01.15.2001,Kuala Sekampung
18.01.15.2002,Baktirasa
18.01.15.2003,Mandala Sari
18.01.15.2004,Sukapura
18.01.15.2005,Sumber Agung
18.01.15.2006,Marga Jasa
18.01.15.2007,Sumber Sari
18.01.15.2008,Bandar Agung
18.01.15.2009,Kedaung
18.01.15.2010,Margasari
18.01.16.2001,Banding
18.01.16.2002,Betung
18.01.16.2003,Batu Balak
18.01.16.2004,Canti
18.01.16.2005,Canggung
18.01.16.2006,Cugung
18.01.16.2007,Hargo Pancuran
18.01.16.2008,Kerinjing
18.01.16.2009,Kunjir
18.01.16.2010,Kota Guring
18.01.16.2011,Rajabasa
18.01.16.2012,Sukaraja
18.01.16.2013,Tanjung Gading
18.01.16.2014,Tejang Pulau Sebesi
18.01.16.2015,Way Muli
18.01.16.2016,Wai Muli Timur
18.01.17.2001,Batuliman Indah
18.01.17.2002,Sinar Palembang
18.01.17.2003,Rantau Minyak
18.01.17.2004,Sidosari
18.01.17.2005,Way Gelam
18.01.17.2006,Cinta Mulya
18.01.17.2007,Banyumas
18.01.17.2008,Beringin Kencana
18.01.17.2009,Sinar Pasemah
18.01.17.2010,Rawa Selapan
18.01.17.2011,Bumi Jaya
18.01.17.2012,Trimomukti
18.01.17.2013,Titiwangi
18.01.17.2014,Karya Mulya Sari
18.01.18.2001,Merbau Mataram
18.01.18.2002,Suban
18.01.18.2003,Tanjung Baru
18.01.18.2004,Baru Ranji
18.01.18.2005,Karang Raja
18.01.18.2006,Talang Jawa
18.01.18.2007,Lebung Sari
18.01.18.2008,Puji Rahayu
18.01.18.2009,Batu Agung
18.01.18.2010,Tanjung Harapan
18.01.18.2011,Sinar Karya
18.01.18.2012,Triharjo
18.01.18.2013,Panca Tunggal
18.01.18.2014,Mekar Jaya
18.01.18.2015,Karang Jaya
18.01.21.2001,Semanak
18.01.21.2002,Toto Harjo
18.01.21.2003,Hatta
18.01.21.2004,Bakauheni
18.01.21.2005,Kelawi
18.01.22.2001,Bangun Sari
18.01.22.2002,Purwodadi Dalam
18.01.22.2003,Sidomukti
18.01.22.2004,Wawasan
18.01.22.2005,Mulyosari
18.01.22.2006,Wonodadi
18.01.22.2007,Kertosari
18.01.22.2008,Malangsari
18.01.23.2001,Mekar Sari
18.01.23.2002,Sumber Agung
18.01.23.2003,Talang Way Sulan
18.01.23.2004,Pamulihan
18.01.23.2005,Purwodadi
18.01.23.2006,Sukamaju
18.01.23.2007,Banjarsari
18.01.23.2008,Karang Pucung
18.01.24.2001,Sidoharjo
18.01.24.2002,Sidomakmur
18.01.24.2003,Sidoreno
18.01.24.2004,Bali Nuraga
18.02,KAB. LAMPUNG TENGAH
18.02.01.2001,Sri Way Langsep
18.02.01.2002,Way krui
18.02.01.2003,Kalirejo
18.02.01.2004,Balai Rejo
18.02.01.2005,Watu Agung
18.02.01.2006,Sri Basuki
18.02.01.2007,Kaliwungu
18.02.01.2008,Kali Dadi
18.02.01.2009,Sri Mulyo
18.02.01.2010,Sri Dadi
18.02.01.2011,Suko Sari
18.02.01.2012,Sinar Sari
18.02.01.2013,Ponco Warno
18.02.01.2014,Sri Purnomo
18.02.01.2015,Sinar Rejo
18.02.01.2016,Agung Timur
18.02.01.2017,Kalisari
18.02.02.2001,Purwodadi
18.02.02.2002,Sidodadi
18.02.02.2003,Sidorejo
18.02.02.2004,Cimarias
18.02.02.2005,Bangun Rejo
18.02.02.2006,Sidoluhur
18.02.02.2007,Sidomulyo
18.02.02.2008,Timbul Rejo
18.02.02.2009,Sukanegara
18.02.02.2010,Sinar Seputih
18.02.02.2011,Sinar Luas
18.02.02.2012,Tanjung Pandan
18.02.02.2013,Tanjung Jaya
18.02.02.2014,Sri Pendowo
18.02.02.2015,Sukowaringin
18.02.02.2016,Mekar Jaya
18.02.02.2017,Suka Negeri
18.02.03.2001,Purwosari
18.02.03.2002,Sendang Ayu
18.02.03.2003,Bandar Sari
18.02.03.2004,Surabaya
18.02.03.2005,Margorejo
18.02.03.2006,Kota Baru
18.02.03.2007,Karang Tanjung
18.02.03.2008,Kuripan
18.02.03.2009,Sri Agung
18.02.03.2010,Haduyang Ratu
18.02.03.2011,Padang Ratu
18.02.03.2018,Karang Sari
18.02.03.2019,Mojokerto
18.02.03.2020,Sumber Sari
18.02.03.2021,Purworejo
18.02.04.1005,Gunung Sugih
18.02.04.1006,Gunung S. Raya
18.02.04.1007,Komering Agung
18.02.04.1008,Seputih Jaya
18.02.04.2001,Terbanggi Subing
18.02.04.2002,Terbanggi Agung
18.02.04.2003,Fajar Bulan
18.02.04.2004,Komering Putih
18.02.04.2009,Buyut Udik
18.02.04.2010,Buyut Ilir
18.02.04.2011,Bangun Rejo
18.02.04.2012,Wono Sari
18.02.04.2013,Putra Buyut
18.02.04.2014,Gunung Sari
18.02.04.2015,Buyut Utara
18.02.05.1003,Adi Puro
18.02.05.1004,Trimurjo
18.02.05.1007,Simbar Waringin
18.02.05.2001,Depok Rejo
18.02.05.2002,Liman Benawi
18.02.05.2005,Noto Harjo
18.02.05.2006,Purwo Dadi
18.02.05.2008,Tempuran
18.02.05.2009,Purwo Adi
18.02.05.2010,Pujo Dadi
18.02.05.2011,Pujo Kerto
18.02.05.2012,Untoro
18.02.05.2013,Pujo Asri
18.02.05.2014,Pujo Basuki
18.02.06.2001,Nunggal Rejo
18.02.06.2002,Badran Sari
18.02.06.2003,Sri Sawahan
18.02.06.2004,Toto Katon
18.02.06.2005,Tanggul Angin
18.02.06.2006,Ngesti Rahayu
18.02.06.2007,Mojopahit
18.02.06.2008,Asto Mulyo
18.02.06.2009,Sido Mulyo
18.02.07.1002,Bandar Jaya Timur
18.02.07.1003,Bandar Jaya Barat
18.02.07.1004,Yukum Jaya
18.02.07.2001,Adi Jaya
18.02.07.2005,Indra Putra Subing
18.02.07.2006,Karang Endah
18.02.07.2007,Nambah Dadi
18.02.07.2008,Ono Harjo
18.02.07.2009,Terbanggi Besar
18.02.07.2010,Poncowati
18.02.08.2001,Rejo Basuki
18.02.08.2002,Rejo Asri
18.02.08.2003,Rukti Endah
18.02.08.2004,Rama Dewa
18.02.08.2005,Ratna Chaton
18.02.08.2006,Rama Yana
18.02.08.2007,Rama Indra
18.02.08.2008,Rukti Harjo
18.02.08.2009,Rama Gunawan
18.02.08.2010,Rama Oetama
18.02.08.2011,Rama Nirwana
18.02.08.2012,Rama Murti
18.02.08.2013,Rama Klandungan
18.02.08.2014,Buyut Baru
18.02.09.2001,Teluk Dalem Ilir
18.02.09.2002,Rekso Binangun
18.02.09.2003,Rukti Basuki
18.02.09.2004,Restu Baru
18.02.09.2005,Restu Buana
18.02.09.2006,Reno Basuki
18.02.09.2013,Bina Karya Putra
18.02.09.2014,Bina Karya Buana
18.02.09.2015,Bina Karya mandiri
18.02.10.2001,Sumber Bahagia
18.02.10.2002,Tanjung Harapan
18.02.10.2003,Setia Budi
18.02.10.2004,Sumber Baru
18.02.10.2005,Siswo Binangun
18.02.10.2006,Sanggar Buana
18.02.10.2007,Sakti Buana
18.02.10.2008,Setia Bakti
18.02.10.2009,Sri Basuki
18.02.10.2010,Sri Bhakti
18.02.10.2011,Swastika Buana
18.02.10.2012,Sumber Fajar
18.02.10.2013,Tanjung Kerajan
18.02.11.2001,Fajar Mataram
18.02.11.2002,Rejosari Mataram
18.02.11.2003,Qurnia Mataram
18.02.11.2004,Trimulyo Mataram
18.02.11.2005,Utama Jaya Mataram
18.02.11.2006,Sumber Agung Mataram
18.02.11.2007,Varia Agung Mataram
18.02.11.2008,Wirata Agung Mataram
18.02.11.2009,Dharma Agung Mataram
18.02.11.2010,Bumi Setia Mataram
18.02.11.2011,Subing Karya
18.02.11.2012,Banjar Agung Mataram
18.02.12.2001,Gaya Baru VI
18.02.12.2002,Sumber Katon
18.02.12.2003,Srikaton
18.02.12.2004,Gaya Baru VII
18.02.12.2005,Gaya Baru IV
18.02.12.2006,Gaya Baru III
18.02.12.2007,Gaya Baru II
18.02.12.2008,Gaya Baru VIII
18.02.12.2009,Gaya Baru I
18.02.12.2010,Mataram Ilir
18.02.12.2011,Rawa Betik
18.02.12.2012,Srimulya Jaya
18.02.12.2013,Kenanga Sari
18.02.13.2001,Gunung Batin Udik
18.02.13.2002,Gunung Batin Ilir
18.02.13.2003,Gunung Batin Baru
18.02.13.2004,Gunung Agung
18.02.13.2005,Bandar Agung
18.02.13.2006,Bandar Sakti
18.02.13.2007,Tanjung Anom
18.02.14.2001,Suka Jawa
18.02.14.2002,Sidokerto
18.02.14.2003,Suka Jadi
18.02.14.2004,Bumi Raharjo
18.02.14.2005,Wates
18.02.14.2006,Bumi Ratu
18.02.14.2007,Bulu Sari
18.02.14.2008,Bumi Rahayu
18.02.14.2009,Sido Waras
18.02.14.2010,Tulang Kakan
18.02.15.2001,Rengas
18.02.15.2002,Kesuma Dadi
18.02.15.2003,Sinar Banten
18.02.15.2004,Kesuma Jaya
18.02.15.2005,Binjai Ngagung
18.02.15.2006,Kedatuan
18.02.15.2007,Goras Jaya
18.02.15.2008,Bangun Sari
18.02.16.2001,Harapan Rejo
18.02.16.2002,Endang Rejo
18.02.16.2003,Dono Arum
18.02.16.2004,Simpang Agung
18.02.16.2005,Bumi Kencana
18.02.16.2006,Gayau Sakti
18.02.16.2007,Fajar Asri
18.02.16.2008,Muji Rahayu
18.02.16.2009,Sulusuban
18.02.16.2010,Bumi Mas
18.02.17.2001,Tanjung Ratu Ilir
18.02.17.2002,Candi Rejo
18.02.17.2003,Banjar Ratu
18.02.17.2004,Banjar Kertahayu
18.02.17.2005,Lempuyang Bandar
18.02.17.2006,Purnama Tunggal
18.02.17.2007,Banjar Rejo
18.02.17.2008,Putra Lempuyang
18.02.18.2001,Sriwijaya Mataram
18.02.18.2002,Uman Agung Mataram
18.02.18.2003,Terbanggi Ilir
18.02.18.2004,Jatidatar Mataram
18.02.18.2005,Sendang Agung Mataram
18.02.18.2006,Mataram Udik
18.02.18.2007,Terbanggi Mulya
18.02.18.2008,Mataram Jaya
18.02.18.2009,Sumber Rejeki Mataram
18.02.19.2001,Kota Batu
18.02.19.2002,Sangun Ratu
18.02.19.2003,Gunung Raya
18.02.19.2004,Gunung Haji
18.02.19.2005,Negri Ratu
18.02.19.2006,Tanjung Kemala
18.02.19.2007,Payung Rejo
18.02.19.2008,Payung Batu
18.02.19.2009,Negeri Kepayungan
18.02.19.2010,Segala Mider
18.02.19.2011,Tias Bangun
18.02.19.2012,Riau Priangan
18.02.19.2013,Payung Dadi
18.02.19.2014,Payung Makmur
18.02.19.2015,Tanjung Rejo
18.02.19.2016,Tawang Negeri
18.02.19.2017,Sinar Negeri
18.02.19.2018,Pekandangan
18.02.19.2019,Payung Mulya
18.02.19.2020,Padang Rejo
18.02.20.2001,Nyukang Harjo
18.02.20.2002,Lingga Pura
18.02.20.2003,Sido Harjo
18.02.20.2004,Taman Sari
18.02.20.2005,Karang Anyar
18.02.20.2006,Negeri Katon
18.02.20.2007,Gedung Harta
18.02.20.2008,Tanjung Ratu
18.02.20.2009,Negeri Agung
18.02.20.2010,Gilih Karang Jati
18.02.20.2011,Marga Jaya
18.02.20.2012,Gedung Aji
18.02.20.2013,Negeri Jaya
18.02.20.2014,Mekar Harjo
18.02.21.2001,Srikaton
18.02.21.2002,Jaya Sakti
18.02.21.2003,Haji Pemanggilan
18.02.21.2004,Negara Bumi Ilir
18.02.21.2005,Bumi Aji
18.02.21.2006,Negara Aji Tua
18.02.21.2007,Negara Bumi Udik
18.02.21.2008,Negara Aji Baru
18.02.21.2009,Gunung Agung
18.02.21.2010,Tanjung Harapan
18.02.21.2011,Bumi Jaya
18.02.21.2012,Mulyo Haji
18.02.22.2001,Sendang Mulyo
18.02.22.2002,Sendang Rejo
18.02.22.2003,Sendang Baru
18.02.22.2004,Sendang Retno
18.02.22.2005,Sendang Asih
18.02.22.2006,Sendang Agung
18.02.22.2007,Sendang Asri
18.02.22.2008,Sendang Mukti
18.02.22.2009,Kutowinangun
18.02.23.2001,Sritejo Kencono
18.02.23.2002,Sapto Mulyo
18.02.23.2003,Nambah Rejo
18.02.23.2004,Sumber Rejo
18.02.23.2005,Purworejo
18.02.23.2006,Kota Gajah
18.02.23.2007,Kota Gajah Timur
18.02.24.2001,Sri Kencono
18.02.24.2002,Bumi Nabung Ilir
18.02.24.2003,Bumi Nabung Utara
18.02.24.2004,Bumi Nabung Selatan
18.02.24.2005,Bumi Nabung Timur
18.02.24.2006,Bumi Nabung Baru
18.02.24.2007,Sri Kenanga
18.02.25.2001,Sri Binangun
18.02.25.2002,Sri Bawono
18.02.25.2003,Sri Budaya
18.02.25.2004,Suko Binangun
18.02.25.2005,Sri Busono
18.02.25.2006,Sangga Buana
18.02.26.2001,Gaya Baru V
18.02.26.2002,Surabaya Ilir
18.02.26.2003,Rajawali
18.02.26.2004,Cempaka Putih
18.02.26.2005,Subang Jaya
18.02.26.2006,Cabang
18.02.26.2007,Beringin Jaya
18.02.26.2008,Sidodadi
18.02.26.2009,Sumber Agung
18.02.26.2010,Surabaya Baru
18.02.27.2001,Gedung Sari
18.02.27.2002,Srimulyo
18.02.27.2003,Gedung Ratu
18.02.27.2004,Bandar Putih Tua
18.02.27.2005,Karang Jawa
18.02.27.2006,Sukajaya
18.02.28.2001,Bina Karya Jaya
18.02.28.2002,Bina Karya Utama
18.02.28.2003,Bina Karya Sakti
18.02.28.2004,Joharan
18.02.28.2005,Rantau Jaya Baru
18.02.28.2006,Rantau Jaya Ilir
18.02.28.2007,Bina Karya Baru
18.02.28.2008,Mranggi Jaya
18.02.28.2009,Mekar Jaya
18.02.28.2010,Rantau Jaya makmur
18.03,KAB. LAMPUNG UTARA
18.03.01.1001,Bukit Kemuning
18.03.01.2002,Tanjung Baru
18.03.01.2003,Suka Menanti
18.03.01.2004,Muara Aman
18.03.01.2005,Tanjung Baru Timur
18.03.01.2006,Dwikora
18.03.01.2007,Tanjung Waras
18.03.01.2008,Sido Mulyo
18.03.02.1001,Kotabumi Udik
18.03.02.1002,Cempedak
18.03.02.1003,Rejo Sari
18.03.02.1004,Kotabumi Tengah
18.03.02.1005,Kotabumi Pasar
18.03.02.1006,Kotabumi Ilir
18.03.02.1007,Sindang Sari
18.03.02.1008,Sri Basuki
18.03.02.1009,Kota Gapura
18.03.02.2010,Talang Bojong
18.03.02.2011,Sumber Arum
18.03.02.2012,Bojong Barat
18.03.02.2013,Kotabumi Tengah Barat
18.03.03.2002,Bumi Ratu
18.03.03.2003,Labuhan Ratu Pasar
18.03.03.2004,Sinar Galih
18.03.03.2005,Labuhan Ratu Kampung
18.03.03.2006,Gedung Ketapang
18.03.03.2007,Kota Agung
18.03.03.2008,Ketapang
18.03.03.2009,Karang Rejo I
18.03.03.2010,Banjar Ketapang
18.03.03.2017,Sidodadi
18.03.03.2023,Gunung Labuhan
18.03.04.2001,Karang Waringin
18.03.04.2002,Suka Sari
18.03.04.2003,Merambung
18.03.04.2004,Sinar Jaya
18.03.04.2005,Sindang Agung
18.03.04.2006,Mekar Jaya
18.03.04.2007,Sri Menanti
18.03.04.2008,Tulung Balak
18.03.04.2009,Tanjung Raja
18.03.04.2010,Tanjung Riang
18.03.04.2011,Kemala Raja
18.03.04.2012,Sindang Marga
18.03.04.2013,Ulak Ata
18.03.04.2014,Gunung Katon
18.03.04.2015,Suka Mulya
18.03.04.2016,Tanjung Beringin
18.03.04.2017,Sido Mulyo
18.03.04.2018,Sinar Mulya
18.03.04.2019,Priangan Baru
18.03.05.2001,Banjar Agung
18.03.05.2002,Bumi Agung Marga
18.03.05.2003,Pungguk Lama
18.03.05.2004,Gedung Nyapah
18.03.05.2005,Penagan Ratu
18.03.05.2006,Peraduan Waras
18.03.05.2007,Surakarta
18.03.05.2008,Rejo Mulyo
18.03.05.2009,Sidomukti
18.03.05.2010,Bumi Jaya
18.03.05.2011,Papan Rejo
18.03.05.2012,Sumber Agung
18.03.06.2005,Tanjung Harta
18.03.06.2006,Ogan Lima
18.03.06.2007,Hujan Mas
18.03.06.2008,Simpang Agung
18.03.06.2009,Bumi Nabung
18.03.06.2010,Kamplas
18.03.06.2011,Kistang
18.03.06.2012,Cahaya Negeri
18.03.06.2013,Lepang Besar
18.03.06.2016,Pengaringan
18.03.06.2017,Gunung Betuah
18.03.06.2021,Way Wakak
18.03.06.2023,Pematang Kasih
18.03.06.2024,Bumi Mandiri
18.03.07.2004,Trimodadi
18.03.07.2005,Cabang Empat
18.03.07.2006,Sinar Ogan
18.03.07.2007,Kalibalangan
18.03.07.2009,Gilih Sukanegeri
18.03.07.2010,Candimas
18.03.07.2011,Kembang Tanjung
18.03.07.2012,Abung Jayo
18.03.07.2013,Kembang Gading
18.03.07.2014,Ratu Abung
18.03.07.2015,Bandar Kagungan Raya
18.03.07.2016,Bumi Raya
18.03.07.2017,Kemalo Abung
18.03.07.2018,Cabang Abung Raya
18.03.07.2019,Kalibening Raya
18.03.07.2020,Way Lunik
18.03.08.2005,Ogan Jaya
18.03.08.2009,Ciamis
18.03.08.2010,Padang Ratu
18.03.08.2011,Negeri Sakti
18.03.08.2012,Negeri Ratu
18.03.08.2019,Negara Ratu
18.03.08.2020,Batu Raja
18.03.08.2021,Gedung Batin
18.03.08.2022,Negara Batin
18.03.08.2023,Kota Negara
18.03.08.2024,Bangun Jaya
18.03.08.2028,Baru Raharja
18.03.08.2029,Hanakau Jaya
18.03.08.2032,Negara Batin II
18.03.08.2033,Kota Negara Ilir
18.03.09.2001,Madukoro
18.03.09.2002,Kali Cinta
18.03.09.2003,Wono Marto
18.03.09.2004,Talang Jali
18.03.09.2005,Margo Rejo
18.03.09.2006,Banjar Wangi
18.03.09.2007,Sawo Jajar
18.03.09.2008,Madokoro Baru
18.03.10.1001,Kelapa Tujuh
18.03.10.1002,Tanjungaman
18.03.10.1003,Kota Alam
18.03.10.1011,Tanjungharapan
18.03.10.1012,Tanjungsenang
18.03.10.2004,Mulang Maya
18.03.10.2005,Bandar Putih
18.03.10.2006,Karang Agung
18.03.10.2007,Curup Guruh
18.03.10.2008,Jerangkang
18.03.10.2009,Way Melan
18.03.10.2010,Taman Jaya
18.03.10.2013,Alam Jaya
18.03.10.2014,Sinar Mas Alam
18.03.11.2001,Gunung Besar
18.03.11.2002,Kinciran
18.03.11.2003,Negla Sari
18.03.11.2004,Kedaton
18.03.11.2005,Sri Bandung
18.03.11.2006,Subik
18.03.11.2007,Gunung Sadar
18.03.11.2008,Gunung Gijul
18.03.11.2016,Pekurun Barat
18.03.11.2017,Pekurun Selatan
18.03.11.2018,Pekurun Utara
18.03.12.2001,Ulak Rengas
18.03.12.2002,Muara Dua
18.03.12.2003,Pulau Panggung
18.03.12.2004,Sekipi
18.03.12.2005,Sido Kayo
18.03.12.2006,Suka Marga
18.03.12.2007,Suka Maju
18.03.12.2008,Kebun Dalam
18.03.13.2001,Suka Maju
18.03.13.2002,Semuli Raya
18.03.13.2003,Semuli Jaya
18.03.13.2004,Papan Asri
18.03.13.2005,Gunung Keramat
18.03.13.2006,Sido Rahayu
18.03.13.2007,Gunung Sari
18.03.14.2001,Tatakarya
18.03.14.2002,Bandar Abung
18.03.14.2003,Bangun Sari
18.03.14.2004,Purba Sakti
18.03.14.2005,Bumi Raharja
18.03.14.2006,Bumi Restu
18.03.14.2007,Bandar Sakti
18.03.14.2008,Karya Sakti
18.03.14.2009,Sukoharjo
18.03.15.2001,Negeri Ujung Karang
18.03.15.2002,Bandar Agung
18.03.15.2003,Karang Sari
18.03.15.2004,Karang Rejo II
18.03.15.2005,Karang Sakti
18.03.15.2006,Karang Mulyo
18.03.15.2007,Banjar Negeri
18.03.15.2008,Banjar Ratu
18.03.15.2009,Negeri Ratu
18.03.15.2010,Pakuon Agung
18.03.15.2011,Sumber Agung
18.03.16.2001,Negara Tulang Bawang
18.03.16.2002,Kota Napal
18.03.16.2003,Tanah Abang
18.03.16.2004,Sukadana Udik
18.03.16.2005,Sukadana Ilir
18.03.16.2006,Haduyang Ratu
18.03.16.2007,Iso Rejo
18.03.16.2008,Mulyo Rejo II
18.03.16.2009,Tulang Bawang Baru
18.03.16.2010,Mulyo Rejo I
18.03.16.2011,Suka Maju
18.03.17.2001,Negera Kemakmuran
18.03.17.2002,Bonglai Tengah
18.03.17.2003,Tanjung Harapan
18.03.17.2004,Lubuk Rukam
18.03.17.2005,Ibul Jaya
18.03.17.2006,Beringin Jaya
18.03.17.2007,Gedung Makrifat
18.03.17.2008,Gedung Raja
18.03.17.2009,Gedung Negara
18.03.17.2010,Tulung Buyut
18.03.18.2001,Batu Nangkop
18.03.18.2002,Negara Bumi
18.03.18.2003,Melungun Ratu
18.03.18.2004,Negeri Campang Jaya
18.03.18.2005,Pampang Tangguk Jaya
18.03.18.2006,Negeri Galih Rejo
18.03.18.2007,Ratu Jaya
18.03.18.2008,Mekar Sari
18.03.19.2001,Nyapah Banyu
18.03.19.2002,Sinar Gunung
18.03.19.2003,Campang Gijul
18.03.19.2004,Sumber Tani
18.03.19.2005,Pekurun
18.03.19.2006,Ogan Campang
18.03.19.2007,Pekurun Tengah
18.03.19.2008,Pekurun Udik
18.03.19.2009,Ogan Jaya
18.03.20.2001,Cempaka
18.03.20.2002,Sri Agung
18.03.20.2003,Lepang Tengah
18.03.20.2004,Cahaya Makmur
18.03.20.2005,Suka Jaya
18.03.20.2006,Sri Jaya
18.03.20.2007,Negara Agung
18.03.20.2008,Cempaka Barat
18.03.20.2009,Cempaka Timur
18.03.21.2001,Sinar Harapan
18.03.21.2002,Kubu Hitu
18.03.21.2003,Negeri Sakti
18.03.21.2004,Tanjung Jaya
18.03.21.2005,Gunung Raja
18.03.21.2006,Cahaya Mas
18.03.21.2007,Comok Sinar Jaya
18.03.21.2008,Way Isem
18.03.21.2009,Gunung Maknibai
18.03.21.2010,Negeri Batin Jaya
18.03.22.2001,Aji Kagungan
18.03.22.2002,Talang Jembatan
18.03.22.2003,Sabuk Empat
18.03.22.2004,Beringin
18.03.22.2005,Sabuk Indah
18.03.22.2006,Bindu
18.03.22.2007,Way Perancang
18.03.23.2001,Pagar
18.03.23.2002,Blambangan
18.03.23.2003,Jagang
18.03.23.2004,Tanjung Iman
18.03.23.2005,Tulung Singkip
18.03.23.2006,Pagar Gading
18.03.23.2007,Buring Kencana
18.04,KAB. LAMPUNG BARAT
18.04.04.1001,Pasar Liwa
18.04.04.1003,Way Mengaku
18.04.04.2002,Kubu Perahu
18.04.04.2004,Padang Cahya
18.04.04.2005,Sebarus
18.04.04.2006,Way Empulau Ulu
18.04.04.2007,Gunung Sugih
18.04.04.2008,Wates
18.04.04.2009,Padang Dalom
18.04.04.2010,Sukarame
18.04.04.2011,Bahway
18.04.04.2012,Sedampah Indah
18.04.05.1016,Tugu Sari
18.04.05.2001,Simpang Sari
18.04.05.2010,Sukajaya
18.04.05.2011,Sindang Pagar
18.04.05.2012,Sukapura
18.04.05.2013,Way Petai
18.04.06.2001,Kenali
18.04.06.2002,Kejadian
18.04.06.2003,Bumi Agung
18.04.06.2004,Turgak
18.04.06.2005,Bedudu
18.04.06.2006,Sukarame
18.04.06.2007,Hujung
18.04.06.2013,Serungkuk
18.04.06.2019,Suka Makmur
18.04.06.2020,Fajar Agung
18.04.07.1001,Pajar Bulan
18.04.07.2002,Puralaksana
18.04.07.2003,Karang Agung
18.04.07.2004,Mutar Alam
18.04.07.2005,Tanjung Raya
18.04.07.2006,Sukananti
18.04.07.2007,Sukaraja
18.04.07.2008,Padang Tambak
18.04.07.2009,Tambak Jaya
18.04.08.1005,Sekincau
18.04.08.2001,Pampangan
18.04.08.2006,Waspada
18.04.08.2007,Tiga Jaya
18.04.08.2008,Giham Sukamaju
18.04.09.2003,Suka Marga
18.04.09.2004,Sumber Agung
18.04.09.2005,Tuguratu
18.04.09.2006,Banding Agung
18.04.09.2010,Roworejo
18.04.09.2017,Sidorejo
18.04.09.2018,Ringin Sari
18.04.10.2001,Kembahang
18.04.10.2002,Negeri Ratu
18.04.10.2003,Kegeringan
18.04.10.2004,Gunung Sugih
18.04.10.2005,Pekon Balak
18.04.10.2006,Sukabumi
18.04.10.2007,Canggu
18.04.10.2008,Kota Besi
18.04.10.2009,Sukaraja
18.04.10.2010,Kerang
18.04.10.2011,Teba Liyokh
18.04.11.2001,Tanjung Raya
18.04.11.2002,Hanakau
18.04.11.2003,Buay Nyerupa
18.04.11.2004,Tapak Siring
18.04.11.2005,Jaga Raga
18.04.11.2009,Pagar Dewa
18.04.11.2012,Suka Mulya
18.04.11.2018,Bandar Baru
18.04.11.2019,Bumi Jaya
18.04.11.2020,Teba Pering Jaya
18.04.15.2001,Gedung Surian
18.04.15.2002,Pura Mekar
18.04.15.2003,Cipta Waras
18.04.15.2004,Tri Mulyo
18.04.15.2005,Mekar Jaya
18.04.18.2001,Pura Jaya
18.04.18.2002,Pura Wiwitan
18.04.18.2003,Tribudi Syukur
18.04.18.2004,Muara Jaya I
18.04.18.2005,Muara Jaya II
18.04.18.2006,Tribudi Makmur
18.04.18.2007,Tugu Mulya
18.04.18.2008,Cipta Mulya
18.04.18.2009,Muara Baru
18.04.18.2010,Sinar Luas
18.04.19.2001,Sidodadi
18.04.19.2002,Semarang Jaya
18.04.19.2003,Sumber Alam
18.04.19.2004,Gunung Terang
18.04.19.2005,Suka Jadi
18.04.19.2006,Sri Menanti
18.04.19.2007,Sinar Jaya
18.04.19.2008,Rigis Jaya
18.04.19.2009,Suka Damai
18.04.19.2010,Manggarai
18.04.20.2001,Pahayu Jaya
18.04.20.2002,Basungan
18.04.20.2003,Mekar Sari
18.04.20.2004,Sidomulyo
18.04.20.2005,Sidodadi
18.04.20.2006,Marga Jaya
18.04.20.2007,Suka Jaya
18.04.20.2008,Batu Api
18.04.20.2009,Pagar Dewa
18.04.20.2010,Suka Mulya
18.04.21.2001,Argomulyo
18.04.21.2002,Batu Kebayan
18.04.21.2003,Atar Bawang
18.04.21.2004,Campang Tiga
18.04.21.2005,Luas
18.04.21.2006,Bakhu
18.04.21.2007,Way Ngison
18.04.21.2008,Kubu Liku Jaya
18.04.21.2009,Sumber Rejo
18.04.21.2010,Atar Kuwau
18.04.22.2001,Lombok
18.04.22.2002,Heni Arong
18.04.22.2003,Suka Banjar
18.04.22.2004,Lombok Timur
18.04.22.2005,Suka Banjar II Ujung Rembun
18.04.22.2006,Suka Maju
18.04.22.2007,Ujung
18.04.22.2008,Keagungan
18.04.22.2009,Tawan Suka Mulya
18.04.22.2010,Pancur Mas
18.04.22.2011,Lombok Selatan
18.04.23.2001,Suoh
18.04.23.2002,Srimulyo
18.04.23.2003,Bandar Agung
18.04.23.2004,Ringin Jaya
18.04.23.2005,Bumi Hantatai
18.04.23.2006,Gunungratu
18.04.23.2007,Tanjungsari
18.04.23.2008,Negeri Jaya
18.04.23.2009,Tembelang
18.04.23.2010,Tri Mekar Jaya
18.05,KAB. TULANG BAWANG
18.05.02.1008,Menggala Selatan
18.05.02.1009,Ujung Gunung Ilir
18.05.02.1010,Menggala Tengah
18.05.02.1011,Menggala Kota
18.05.02.2001,Bujung Tenuk
18.05.02.2002,Ujung Gunung Ilir
18.05.02.2007,Astra Ksetra
18.05.02.2013,Kagungan Rahayu
18.05.02.2014,Tiuh Tohou
18.05.06.2001,Aji Jaya KNPI
18.05.06.2002,Kecubung Jaya
18.05.06.2008,Kecubung Mulya
18.05.06.2015,Gedung Aji
18.05.06.2016,Penawar
18.05.06.2022,Penawar Baru
18.05.06.2023,Aji Murni Jaya
18.05.06.2024,Aji Mesir
18.05.06.2025,Aji Permai Talang Buah
18.05.06.2026,Bandar Aji Jaya
18.05.08.2001,Banjar Agung
18.05.08.2007,Tri Dharma Wira Jaya
18.05.08.2009,Moris Jaya
18.05.08.2010,Tunggal Warga
18.05.08.2011,Dwi Warga Tunggal Jaya
18.05.08.2019,Tri Mulya Jaya
18.05.08.2020,Tri Mukti Jaya
18.05.08.2021,Tri Tunggal Jaya
18.05.08.2022,Warga Makmur Jaya
18.05.08.2023,Warga Indah Jaya
18.05.08.2024,Banjar Dewa
18.05.11.2001,Gunung Tapa
18.05.11.2002,Gedung Meneng
18.05.11.2006,Bakung Udik
18.05.11.2007,Bakung Ilir
18.05.11.2008,Gedung Bandar Rahayu
18.05.11.2014,Gunung Tapa Ilir
18.05.11.2015,Gunung Tapa Tengah
18.05.11.2016,Gunung Tapa Udik
18.05.11.2017,Gedung Bandar Rejo
18.05.11.2018,Bakung Rahayu
18.05.11.2019,Gedung Meneng Baru
18.05.12.2003,Yudha Karya Jitu
18.05.12.2004,Gedung Karya Jitu
18.05.12.2005,Hargo Rejo
18.05.12.2006,Wono Agung
18.05.12.2008,Karya Jitu Mukti
18.05.12.2009,Bumi Ratu
18.05.12.2010,Medasari
18.05.12.2013,Hargo Mulyo
18.05.12.2014,Karya Cipta Abadi
18.05.13.2001,Tri Rejo Mulyo
18.05.13.2002,Tri Jaya
18.05.13.2005,Sidoharjo
18.05.13.2006,Sidomulyo
18.05.13.2010,Bogatama
18.05.13.2011,Wiratama
18.05.13.2013,Tri Tunggal Jaya
18.05.13.2019,Pulo Gadung
18.05.13.2020,Sidodadi
18.05.13.2021,Dwimulyo
18.05.13.2022,Rejo Sari
18.05.13.2023,Wira Agung Sari
18.05.13.2024,Sidomakmur
18.05.13.2025,Trikarya
18.05.18.2001,Bumi Dipasena Utama
18.05.18.2002,Bumi Dipasena Agung
18.05.18.2003,Bumi Dipasena Jaya
18.05.18.2004,Bumi Dipasena Abadi
18.05.18.2005,Bumi Dipasena Makmur
18.05.18.2006,Bumi Sentosa
18.05.18.2007,Bumi Dipasena Mulya
18.05.18.2008,Bumi Dipasena Sjahtera
18.05.20.2001,Bujuk Agung
18.05.20.2002,Ringin Sari
18.05.20.2003,Sukamaju
18.05.20.2004,Catur Karya Buana
18.05.20.2005,Purwa Jaya
18.05.20.2006,Penawar Jaya
18.05.20.2007,Agung Dalem
18.05.20.2008,Sumber Makmur
18.05.20.2009,Tri Tunggal Jaya
18.05.20.2010,Agung Jaya
18.05.20.2011,Penawar Rejo
18.05.20.2012,Mekar Jaya
18.05.22.2001,Sumber Agung
18.05.22.2002,Batang Hari
18.05.22.2003,Panggung Mulyo
18.05.22.2004,Duto Yoso Mulyo
18.05.22.2005,Andalas Cermin
18.05.22.2006,Rawa Ragil
18.05.22.2007,Gedung Jaya
18.05.22.2008,Bumi Sari
18.05.22.2009,Mulyo Dadi
18.05.23.2001,Gedung Harapan
18.05.23.2002,Gedung Asri
18.05.23.2003,Gedung Rejo Sakti
18.05.23.2004,Pasar Batang
18.05.23.2005,Suka Makmur
18.05.23.2006,Karya Makmur
18.05.23.2007,Wono Rejo
18.05.23.2008,Panca Tunggal Jaya
18.05.23.2009,Sumber Sari
18.05.25.2001,Teladas
18.05.25.2002,Kekatung
18.05.25.2003,Kuala Teladas
18.05.25.2004,Mahabang
18.05.25.2005,Sungai Nibung
18.05.25.2006,Pasiran Jaya
18.05.25.2007,Bratasena Adiwarna
18.05.25.2008,Bratasena Mandiri
18.05.25.2009,Way Dente
18.05.25.2010,Dente Makmur
18.05.25.2011,Pendowo Asri
18.05.25.2012,Sungai Burung
18.05.26.2001,Bangun Rejo
18.05.26.2002,Paduan Rajawali
18.05.26.2003,Karya Bhakti
18.05.26.2004,Sukarame
18.05.26.2005,Bina Bumi
18.05.26.2006,Mulyo Aji
18.05.26.2007,Kecubung Raya
18.05.26.2008,Marga Jaya
18.05.27.2001,Sidomukti
18.05.27.2002,Mesir Dwi Jaya
18.05.27.2003,Makartitama
18.05.27.2004,Suka Bhakti
18.05.27.2005,Batu Ampar
18.05.27.2006,Setia Tama
18.05.27.2007,Sumber Jaya
18.05.27.2008,Mekar Asri
18.05.27.2009,Sidomekar
18.05.29.2001,Panca Mulia
18.05.29.2002,Panca Karsa Purna Jaya
18.05.29.2003,Kahuripan Jaya
18.05.29.2004,Bawang Sakti Jaya
18.05.29.2005,Mekar Jaya
18.05.29.2006,Balai Murni Jaya
18.05.29.2007,Mekar Indah Jaya
18.05.29.2008,Jaya Makmur
18.05.29.2009,Bawang Tirto Mulyo
18.05.29.2010,Karya Murni Jaya
18.05.30.2001,Lebuh Dalam
18.05.30.2002,Menggala
18.05.30.2003,Lingai
18.05.30.2004,Kibang Pacing
18.05.30.2005,Sungai Luar
18.05.30.2006,Kahuripan Dalam
18.05.30.2007,Cempaka Dalem
18.05.30.2008,Bedarou Indah
18.05.30.2009,Tri Makmur Jaya
18.05.30.2010,Cempaka Jaya
18.06,KAB. TANGGAMUS
18.06.01.1001,Baros
18.06.01.1002,Pasar Madang
18.06.01.1003,Kuripan
18.06.01.2016,Negeri Ratu
18.06.01.2019,Pananggungan
18.06.01.2020,Terdana
18.06.01.2021,Kelungu
18.06.01.2022,Pardasuka
18.06.01.2023,Teratas
18.06.01.2024,Kusa
18.06.01.2025,Terbaya
18.06.01.2026,Kedamaian
18.06.01.2027,Kota Agung
18.06.01.2039,Kota Batu
18.06.01.2040,Campang Tiga
18.06.01.2041,Benteng Jaya
18.06.02.2012,Kalibening
18.06.02.2015,Kejayaan
18.06.02.2016,Suka Bumi
18.06.02.2017,Suka Negeri Jaya
18.06.02.2018,Banjar Sari
18.06.02.2019,Singosari
18.06.02.2020,Sinar Banten
18.06.02.2021,Sukarame
18.06.02.2022,Banding Agung
18.06.02.2023,Talang Padang
18.06.02.2024,Suka Negeri
18.06.02.2025,Suka Bandung
18.06.02.2026,Suka Merindu
18.06.02.2027,Sinar Semendo
18.06.02.2028,Negeri Agung
18.06.02.2029,Sinar Petir
18.06.02.2030,Way Halom
18.06.02.2031,Talang Sepuh
18.06.02.2032,Sinar Harapan
18.06.02.2033,Sinar Betung
18.06.03.2001,Karang Anyar
18.06.03.2002,Kalirejo
18.06.03.2003,Dadirejo
18.06.03.2004,Banyu Urip
18.06.03.2005,Wonosobo
18.06.03.2006,Soponyono
18.06.03.2007,Bandar Kejadian
18.06.03.2008,Way Panas
18.06.03.2009,Sinar Saudara
18.06.03.2010,Sridadi
18.06.03.2011,Lakaran
18.06.03.2012,Padang Ratu
18.06.03.2013,Pardasuka
18.06.03.2014,Tanjung Kurung
18.06.03.2015,Padang Manis
18.06.03.2016,Kejadian
18.06.03.2017,Dadisari
18.06.03.2018,Kalisari
18.06.03.2019,Banjar Negara
18.06.03.2020,Pekon Balak
18.06.03.2021,Kunyayan
18.06.03.2022,Banjar Sari
18.06.03.2023,Negeri Ngarip
18.06.03.2034,Dadimulyo
18.06.03.2035,Sampang Turus
18.06.03.2036,Sri Melati
18.06.03.2037,Way Liwok
18.06.03.2038,Sumur Tujuh
18.06.04.2001,Talang Beringin
18.06.04.2002,Gunung Megang
18.06.04.2003,Tanjung Rejo
18.06.04.2004,Tanjung Begelung
18.06.04.2005,Sinar Mulyo
18.06.04.2006,Kemuning
18.06.04.2007,Gedung Agung
18.06.04.2008,Penantian
18.06.04.2009,Muara Dua
18.06.04.2010,Tekad
18.06.04.2011,Pulau Panggung
18.06.04.2012,Gunung Meraksa
18.06.04.2013,Way Ilahan
18.06.04.2014,Batu Bedil
18.06.04.2015,Air Bakoman
18.06.04.2025,Sumber Mulya
18.06.04.2026,Sindang Marga
18.06.04.2027,Talang Jawa
18.06.04.2028,Srimanganten
18.06.04.2029,Tanjung Gunung
18.06.04.2030,Sinar Mancak
18.06.09.2001,Karang Buah
18.06.09.2002,Sawang Balak
18.06.09.2003,Way Rilau
18.06.09.2004,Tanjung Raja
18.06.09.2005,Tengor
18.06.09.2006,Tanjung Jati
18.06.09.2007,Kejadian Lom
18.06.09.2008,Sukaraja
18.06.09.2009,Banjar Negeri
18.06.09.2010,Gedung
18.06.09.2011,Suka Padang
18.06.09.2012,Kacamarga
18.06.09.2013,Pampangan
18.06.09.2014,Banjar Manis
18.06.09.2015,Tanjung Betuah
18.06.09.2016,Putih Doh
18.06.09.2017,Pekondoh
18.06.09.2028,Kubulangka
18.06.09.2029,Kutakakhang
18.06.09.2030,Suka Banjar
18.06.11.2001,Rantau Tijang
18.06.11.2002,Tiuh Memon
18.06.11.2003,Banjar Agung Udik
18.06.11.2004,Tanjung Heran
18.06.11.2005,Sumanda
18.06.11.2006,Campang Way Handak
18.06.11.2007,Taman Sari
18.06.11.2008,Sukajadi
18.06.11.2009,Binjai Wangi
18.06.11.2010,Tanjung Kemala
18.06.11.2011,Tanjung Agung
18.06.11.2012,Babakan
18.06.11.2013,Negeri Ratu
18.06.11.2014,Sinar Agung
18.06.11.2015,Tangkit Serdang
18.06.11.2016,Gunung Kasih
18.06.11.2017,Way Jaha
18.06.11.2018,Banjar Agung Ilir
18.06.11.2019,Gading
18.06.11.2020,Way Piring
18.06.11.2021,Pungkut
18.06.11.2022,Gunung Tiga
18.06.11.2023,Way Manak
18.06.11.2024,Sukamaju
18.06.11.2025,Suka Mulya
18.06.11.2026,Kayuhubi
18.06.11.2027,Talang Lebar
18.06.12.2001,Tugu Papak
18.06.12.2002,Kacapura
18.06.12.2003,Sukaraja
18.06.12.2004,Bangun Rejo
18.06.12.2005,Tugu Rejo
18.06.12.2006,Sidodadi
18.06.12.2007,Garut
18.06.12.2008,Karang Rejo
18.06.12.2009,Kanoman
18.06.12.2010,Sudimoro
18.06.12.2011,Sudimoro Bangun
18.06.12.2012,Sri Purnomo
18.06.12.2013,Sri Kuncoro
18.06.12.2014,Sidomulyo
18.06.12.2015,Karang Agung
18.06.12.2016,Tulung Asahan
18.06.12.2017,Sri Katon
18.06.12.2018,Pardawaras
18.06.12.2019,Sedayu
18.06.12.2020,Way Kerap
18.06.12.2021,Margomulyo
18.06.12.2022,Sukajaya
18.06.13.2001,Kebumen
18.06.13.2002,Sidomulyo
18.06.13.2003,Sumber Rejo
18.06.13.2004,Tegal Binangun
18.06.13.2005,Argopeni
18.06.13.2006,Margodadi
18.06.13.2007,Margoyoso
18.06.13.2008,Dadapan
18.06.13.2009,Simpang Kanan
18.06.13.2010,Wonoharjo
18.06.13.2011,Sumber Mulyo
18.06.13.2012,Argomulyo
18.06.13.2013,Sidorejo
18.06.15.2001,Datarajan
18.06.15.2002,Gunung Tiga
18.06.15.2003,Karang Rejo
18.06.15.2004,Pagar Alam Ulu Belu
18.06.15.2005,Muara Dua Ulu Belu
18.06.15.2006,Ngarip
18.06.15.2007,Penantian Ulu Belu
18.06.15.2008,Gunung Sari
18.06.15.2009,Ulu Semong
18.06.15.2010,Sirna Galih
18.06.15.2011,Rejo Sari
18.06.15.2012,Suka Maju
18.06.15.2013,Tanjung Baru
18.06.15.2014,Sinar Banten
18.06.15.2015,Air Abang
18.06.15.2016,Petay Kayu
18.06.16.2001,Tampang
18.06.16.2002,Kaur Gading
18.06.16.2003,Tirom
18.06.16.2004,Way Nipah
18.06.16.2005,Guring
18.06.16.2006,Betung
18.06.16.2007,Tanjungan
18.06.16.2009,Teluk Brak
18.06.16.2010,Karang Brak
18.06.16.2011,Pesangun
18.06.16.2012,Way Asahan
18.06.16.2013,Tampang Muda
18.06.16.2014,Kampung Baru
18.06.16.2015,Martanda
18.06.17.2001,Negeri Kelumbayan
18.06.17.2002,Pekon Susuk
18.06.17.2003,Napal
18.06.17.2005,Pekon Unggak
18.06.17.2006,Penyandingan
18.06.17.2009,Paku
18.06.17.2010,Umbar
18.06.17.2012,Kiluan Negeri
18.06.18.2001,Belu
18.06.18.2002,Negara Batin
18.06.18.2003,Banjar Masin
18.06.18.2004,Kanyangan
18.06.18.2005,Kandang Besi
18.06.18.2006,Tebak Bunuk
18.06.18.2007,Way Gelang
18.06.18.2008,Tala Gening
18.06.18.2009,Gedung Jambu
18.06.18.2010,Maja
18.06.18.2011,Pulau Benawang
18.06.18.2012,Payung
18.06.18.2013,Kesugihan
18.06.18.2014,Pejajaran
18.06.18.2015,Kalimiring
18.06.18.2016,Tanjung Agung
18.06.19.2001,Batu Kramat
18.06.19.2002,Kampung Baru
18.06.19.2003,Umbul Buah
18.06.19.2004,Menggala
18.06.19.2005,Mulang Maya
18.06.19.2006,Sukabanjar
18.06.19.2007,Tanjung Anom
18.06.19.2008,Kagungan
18.06.19.2009,Kerta
18.06.19.2010,Teba
18.06.19.2011,Talang Rejo
18.06.19.2012,Tanjung Jati
18.06.20.2001,Banjar Manis
18.06.20.2002,Campang
18.06.20.2003,Kuta Dalom
18.06.20.2004,Purwodadi
18.06.20.2005,Gisting Bawah
18.06.20.2006,Gisting Atas
18.06.20.2007,Sidokaton
18.06.20.2008,Landbaw
18.06.20.2009,Gisting Permai
18.06.21.2001,Banjar Negeri
18.06.21.2002,Sukaraja
18.06.21.2003,Banjar Agung
18.06.21.2004,Kedaloman
18.06.21.2005,Suka Banjar
18.06.21.2006,Sukamernah
18.06.21.2007,Ciherang
18.06.21.2008,Pariaman
18.06.21.2009,Sukadamai
18.06.21.2010,Way Halom
18.06.21.2011,Penanggungan
18.06.21.2012,Darussalam
18.06.24.2001,Badak
18.06.24.2002,Kuripan
18.06.24.2003,Padang Ratu
18.06.24.2004,Tegineneng
18.06.24.2005,Ketapang
18.06.24.2006,Banjar Agung
18.06.24.2007,Pekon Ampai
18.06.24.2008,Pariaman
18.06.24.2009,Atar Brak
18.06.24.2010,Tanjung Siom
18.06.24.2011,Tanjung Jaya
18.06.25.2001,Negeri Agung
18.06.25.2002,Bandar Sukabumi
18.06.25.2003,Sanggi
18.06.25.2004,Rajabasa
18.06.25.2005,Banding
18.06.25.2006,Gunung Doh
18.06.25.2007,Simpang Bayur
18.06.25.2008,Atar Lebar
18.06.25.2009,Sinar Bangun
18.06.25.2010,Sanggi Unggak
18.06.25.2011,Tulung Sari
18.06.26.2001,Way Harong
18.06.26.2002,Air Kubang
18.06.26.2003,Karang Sari
18.06.26.2004,Sidomulyo
18.06.26.2005,Air Naningan
18.06.26.2006,Datar Lebuay
18.06.26.2007,Sinar Jawa
18.06.26.2008,Batu Tegi
18.06.26.2009,Sinar Sekampung
18.06.26.2010,Margomulyo
18.06.27.2001,Sukamara
18.06.27.2002,Sukanegara
18.06.27.2003,Banjar Masin
18.06.27.2004,Suka Agung Barat
18.06.27.2005,Suka Agung
18.06.27.2006,Gunung Terang
18.06.27.2007,Napal
18.06.27.2008,Sinar Petir
18.06.27.2009,Pematang Nebak
18.06.27.2010,Tanjung Sari
18.06.28.2001,Lengkukai
18.06.28.2002,Sidoharjo
18.06.28.2003,Merbau
18.06.28.2004,Batu Patah
18.06.28.2005,Purwosari
18.06.28.2006,Marga Mulya
18.07,KAB. LAMPUNG TIMUR
18.07.01.2001,Sukadana
18.07.01.2002,Pakuan Aji
18.07.01.2003,Bumi Nabung Udik
18.07.01.2004,Rajabasa Batanghari
18.07.01.2005,Negara Nabung
18.07.01.2006,Terbangi Marga
18.07.01.2007,Mataram Marga
18.07.01.2008,Pasar Sukadana
18.07.01.2009,Surabaya Udik
18.07.01.2010,Rantau Jaya Udik
18.07.01.2011,Muara Jaya
18.07.01.2012,Sukadana Ilir
18.07.01.2013,Bumi Ayu
18.07.01.2014,Sukadana Timur
18.07.01.2015,Rantau Jaya Udik II
18.07.01.2016,Putra Aji II
18.07.01.2017,Putra Aji I
18.07.01.2018,Sukadana Selatan
18.07.01.2019,Sukadana Jaya
18.07.01.2020,Sukadana Tengah
18.07.02.2001,Labuhan Maringgai
18.07.02.2002,Muara Gading Mas
18.07.02.2003,Sriminosari
18.07.02.2004,Bandar Negeri
18.07.02.2005,Karya Makmur
18.07.02.2006,Karya Tani
18.07.02.2007,Margasari
18.07.02.2008,Sukorahayu
18.07.02.2009,Srigading
18.07.02.2010,Karang Anyar
18.07.02.2011,Maringgai
18.07.03.2001,Negara Batin
18.07.03.2002,Asahan
18.07.03.2003,Adirejo
18.07.03.2004,Gunung Mekar
18.07.03.2005,Gunung Sugih Kecil
18.07.03.2006,Pematang Tahalo
18.07.03.2007,Jabung
18.07.03.2008,Negara Saka
18.07.03.2014,Betengsari
18.07.03.2015,Belimbing Sari
18.07.03.2016,Mekar Jaya
18.07.03.2018,Mumbang Jaya
18.07.03.2019,Tanjung Sari
18.07.03.2020,Adi Luhur
18.07.03.2021,Sambirejo
18.07.04.2001,Pekalongan
18.07.04.2002,Adirejo
18.07.04.2003,Sidodadi
18.07.04.2004,Gondangrejo
18.07.04.2005,Siraman
18.07.04.2006,Tulusrejo
18.07.04.2007,Jojog
18.07.04.2008,Ganti Warno
18.07.04.2009,Kalibening
18.07.04.2010,Wonosari
18.07.04.2011,Gantimulyo
18.07.04.2012,Adijaya
18.07.05.2001,Sumber Gede
18.07.05.2002,Sidomukti
18.07.05.2003,Sidomulyo
18.07.05.2004,Trimulyo
18.07.05.2005,Girikarto
18.07.05.2006,Hargomulyo
18.07.05.2007,Wonokarto
18.07.05.2008,Sukoharjo
18.07.05.2009,Giriklopomulyo
18.07.05.2010,Sidodadi
18.07.05.2011,Sambikarto
18.07.05.2012,Sumber Sari
18.07.05.2013,Karya Mukti
18.07.05.2014,Mekar Mulya
18.07.05.2015,Jadi Mulyo
18.07.05.2016,Mekar Mukti
18.07.05.2017,Mekar Sari
18.07.06.2001,Banarjoyo
18.07.06.2002,Buana Sakti
18.07.06.2003,Balekencono
18.07.06.2004,Rejo Agung
18.07.06.2005,Adiwarno
18.07.06.2006,Telogorejo
18.07.06.2007,Nampirejo
18.07.06.2008,Sumberejo
18.07.06.2009,Banjarejo
18.07.06.2010,Balerejo
18.07.06.2011,Batangharjo
18.07.06.2012,Bumi Harjo
18.07.06.2013,Bumi Mas
18.07.06.2014,Selorejo
18.07.06.2015,Sri Basuki
18.07.06.2016,Sumber Agung
18.07.06.2017,Purwodadi Mekar
18.07.07.2001,Braja Sakti
18.07.07.2002,Braja Fajar
18.07.07.2003,Braja Emas
18.07.07.2004,Braja Dewa
18.07.07.2005,Braja Caka
18.07.07.2006,Sri Wangi
18.07.07.2007,Jepara
18.07.07.2008,Sri Rejosari
18.07.07.2009,Sumberejo
18.07.07.2010,Labuhan Ratu II
18.07.07.2011,Braja Asri
18.07.07.2012,Labuhan Ratu I
18.07.07.2013,Sumur Bandung
18.07.07.2014,Sumber Marga
18.07.07.2015,Labuhan Ratu Danau
18.07.07.2016,Labuhan Ratu Baru
18.07.08.2001,Taman Fajar
18.07.08.2002,Taman Asri
18.07.08.2003,Taman Bogo
18.07.08.2004,Tambah Dadi
18.07.08.2005,Taman Cari
18.07.08.2006,Taman Endah
18.07.08.2007,Tegal Gondo
18.07.08.2008,Toto Harjo
18.07.08.2009,Tanjung Inten
18.07.08.2010,Tegal Yoso
18.07.08.2011,Tambah Luhur
18.07.08.2012,Tanjung Kesuma
18.07.09.2001,Kota Raman
18.07.09.2002,Raman Aji
18.07.09.2003,Rukti Sedyo
18.07.09.2004,Ratna Daya
18.07.09.2005,Rejo Binangun
18.07.09.2006,Rantau Fajar
18.07.09.2007,Raman Endra
18.07.09.2008,Raman Fajar
18.07.09.2009,Restu Rahayu
18.07.09.2010,Rejo Katon
18.07.09.2011,Rama Puja
18.07.10.2001,Kibang
18.07.10.2002,Marga Jaya
18.07.10.2003,Margototo
18.07.10.2004,Purbosembodo
18.07.10.2005,Sumber Agung
18.07.10.2006,Margasari
18.07.10.2007,Jaya Asri
18.07.11.2001,Tanjung Harapan
18.07.11.2002,Negeri Tua
18.07.11.2003,Negeri Katon
18.07.11.2004,Negeri Agung
18.07.11.2005,Negeri Jemanten
18.07.11.2006,Sukaraja Tiga
18.07.11.2007,Gedung Wani
18.07.11.2008,Jaya Guna
18.07.11.2009,Sukadana Baru
18.07.11.2010,Nabang Baru
18.07.11.2011,Surya Mataram
18.07.11.2012,Gedungwani Timur
18.07.11.2013,Trisinar
18.07.12.2001,Pugung Raharjo
18.07.12.2002,Mengandung Sari
18.07.12.2003,Toba
18.07.12.2004,Banjar Agung
18.07.12.2005,Bojong
18.07.12.2006,Gunung Agung
18.07.12.2007,Sindang Anom
18.07.12.2008,Bauh Gunung Sari
18.07.12.2009,Gunung Pasir Jaya
18.07.12.2010,Gunung Sugih Besar
18.07.12.2011,Sidorejo
18.07.12.2012,Brawijaya
18.07.12.2013,Gunung Mulyo
18.07.12.2014,Bumi Mulyo
18.07.12.2015,Purwokencono
18.07.13.2001,Sukaraja Nuban
18.07.13.2002,Purwosari
18.07.13.2003,Tulung Balak
18.07.13.2004,Kedaton
18.07.13.2005,Kedaton I
18.07.13.2006,Kedaton II
18.07.13.2007,Trisnomulyo
18.07.13.2008,Cempaka Nuban
18.07.13.2009,Gedung Dalem
18.07.13.2010,Bumi Jawa
18.07.13.2011,Gunung Tiga
18.07.13.2012,Negara Ratu
18.07.13.2013,Sukacari
18.07.14.2001,Donomulyo
18.07.14.2002,Nyampir
18.07.14.2003,Bumi Tinggi
18.07.14.2004,Lehan
18.07.14.2005,Marga Mulya
18.07.14.2006,Catur Swako
18.07.14.2007,Mulyo Asri
18.07.15.2001,Sribhawono
18.07.15.2002,Sadar Sriwijaya
18.07.15.2003,Srimenanti
18.07.15.2004,Sripendowo
18.07.15.2005,Waringin Jaya
18.07.15.2006,Bandar Agung
18.07.15.2007,Mekar Jaya
18.07.16.2001,Mataram Baru
18.07.16.2002,Rajabasa Baru
18.07.16.2003,Teluk Dalem
18.07.16.2004,Way Areng
18.07.16.2005,Tulung Pasik
18.07.16.2006,Mandala Sari
18.07.16.2007,Kebon Damar
18.07.17.2001,Wana
18.07.17.2002,Tanjung Aji
18.07.17.2003,Tebing
18.07.17.2004,Sido Makmur
18.07.17.2005,Itik Renday
18.07.17.2006,Sumber Hadi
18.07.18.2001,Negeri Agung
18.07.18.2002,Pempen
18.07.18.2003,Way Mili
18.07.18.2004,Pelindung Jaya
18.07.18.2005,Nibung
18.07.19.2001,Pasir Sakti
18.07.19.2002,Mulyo Sari
18.07.19.2003,Purworejo
18.07.19.2004,Rejo Mulyo
18.07.19.2005,Kedung Ringin
18.07.19.2006,Labuhan Ratu
18.07.19.2007,Sumur Kucing
18.07.19.2008,Mekar Sari
18.07.20.2001,Sumberejo
18.07.20.2002,Ngesti Karya
18.07.20.2003,Tri Tunggal
18.07.20.2004,Sidorahayu
18.07.20.2005,Jembrana
18.07.20.2006,Tanjung Wangi
18.07.20.2007,Marga Batin
18.07.20.2008,Mekar Karya
18.07.20.2009,Sumber Jaya
18.07.20.2010,Karang Anom
18.07.20.2011,Karya Basuki
18.07.21.2001,Labuhan Ratu
18.07.21.2002,Labuhan Ratu III
18.07.21.2003,Labuhan Ratu IV
18.07.21.2004,Labuhan Ratu V
18.07.21.2005,Labuhan Ratu VI
18.07.21.2006,Rajabasa Lama
18.07.21.2007,Rajabasa Lama I
18.07.21.2008,Rajabasa Lama II
18.07.21.2009,Labuhan Ratu VII
18.07.21.2010,Labuhan Ratu VIII
18.07.21.2011,Labuhan Ratu IX
18.07.22.2001,Braja Harjosari
18.07.22.2002,Braja Gemilang
18.07.22.2003,Braja Indah
18.07.22.2004,Braja Yekti
18.07.22.2005,Braja Kencana
18.07.22.2006,Braja Luhur
18.07.22.2007,Braja Mulya
18.07.23.2001,Tambah Subur
18.07.23.2002,Tanjung Qencono
18.07.23.2003,Tanjung Tirto
18.07.23.2004,Toto Mulyo
18.07.23.2005,Toto Projo
18.07.23.2006,Taman Negeri
18.07.23.2007,Tegal Ombo
18.07.23.2008,Kali Pasir
18.07.24.2001,Bungkuk
18.07.24.2002,Batu Badak
18.07.24.2003,Peniangan
18.07.24.2004,Gunung Raya
18.07.24.2005,Giri Mulyo
18.07.24.2006,Gunung Mas
18.07.24.2007,Purwosari
18.07.24.2008,Bukit Raya
18.08,KAB. WAY KANAN
18.08.01.1005,Blambangan Umpu
18.08.01.2001,Rambang Jaya
18.08.01.2002,Gistang
18.08.01.2003,Sidoarjo
18.08.01.2004,Bumi Ratu
18.08.01.2006,Lembasung
18.08.01.2007,Negeri Baru
18.08.01.2008,Negeri Batin
18.08.01.2009,Gunung Sangkaran
18.08.01.2010,Tanjung Raja Giham
18.08.01.2011,Segara Mider
18.08.01.2012,Umpu Bhakti
18.08.01.2013,Sangkaran Bhakti
18.08.01.2014,Bumi Baru
18.08.01.2015,Tanjung Sari
18.08.01.2016,Sri Rejeki
18.08.01.2017,Karang Umpu
18.08.01.2018,Umpu Kencana
18.08.01.2019,Sriwijaya
18.08.01.2020,Brata Yudha
18.08.01.2021,Gedung Batin
18.08.01.2022,Tanjung Raja Sakti
18.08.01.2023,Negeri Bumi Putra
18.08.01.2024,Panca Negeri
18.08.01.2025,Gedung Riang
18.08.01.2026,Ojo Lali
18.08.02.1004,Kasui Pasar
18.08.02.2001,Datar Bancong
18.08.02.2002,Kedaton
18.08.02.2003,Karang Lantang
18.08.02.2005,Kasui Lama
18.08.02.2006,Kampung Baru
18.08.02.2007,Jukuh Kemuning
18.08.02.2008,Kota Way
18.08.02.2009,Tanjung Kurung
18.08.02.2010,Talang Mangga
18.08.02.2011,Tanjung Harapan
18.08.02.2012,Sinar Gading
18.08.02.2013,Jaya Tinggi
18.08.02.2014,Suka Jadi
18.08.02.2015,Gelombang Panjang
18.08.02.2016,Tangkas
18.08.02.2017,Tanjung Bulan
18.08.02.2018,Tanjungkurung Lama
18.08.02.2019,Bukitbatu
18.08.03.1006,Pasar Banjit
18.08.03.2001,Bunglai
18.08.03.2002,Campang Lapan
18.08.03.2003,Sumber Baru
18.08.03.2004,Rantau Temiang
18.08.03.2005,Juku Batu
18.08.03.2007,Bali Sadar
18.08.03.2008,Dono Mulyo
18.08.03.2009,Bali Sadar Utara
18.08.03.2010,Bali Sadar Selatan
18.08.03.2011,Menanga Jaya
18.08.03.2012,Argo Mulyo
18.08.03.2013,Rantau Jaya
18.08.03.2014,Rebang Tinggi
18.08.03.2015,Simpang Asam
18.08.03.2016,Bandar Agung
18.08.03.2017,Kemu
18.08.03.2018,Menanga Siamang
18.08.03.2019,Neki
18.08.03.2020,Sumber Sari
18.08.04.1009,Taman Asri
18.08.04.1015,Tiuh Balak Pasar
18.08.04.1016,Campur Asri
18.08.04.2001,Setia Negara
18.08.04.2002,Gedung Pakuon
18.08.04.2003,Bumi Merapi
18.08.04.2004,Banjar Sari
18.08.04.2005,Gunung Katun
18.08.04.2006,Bhakti Negara
18.08.04.2007,Bumi Rejo
18.08.04.2008,Sukosari
18.08.04.2010,Banjar Setia
18.08.04.2011,Gedung Rejo
18.08.04.2012,Banjar Agung
18.08.04.2013,Cugah
18.08.04.2014,Tiuh Balak I
18.08.04.2017,Tiuh Balak
18.08.04.2018,Mekar Asri
18.08.04.2019,Banjar Negara
18.08.04.2020,Banjar Masin
18.08.04.2021,Banjar Mulya
18.08.04.2022,Banjar Baru
18.08.05.2001,Tulang Bawang
18.08.05.2002,Mesir Udik
18.08.05.2005,Mesir Ilir
18.08.05.2006,Sapto Renggo
18.08.05.2007,Giri Harjo
18.08.05.2009,Bumi Agung Wates
18.08.05.2017,Serdang Kuring
18.08.05.2024,Bumi Agung
18.08.05.2025,Mekar Jaya
18.08.05.2026,Putra Dewa
18.08.05.2027,Dewa Agung
18.08.06.2001,Karang Agung
18.08.06.2002,Tanjung Ratu
18.08.06.2003,Pakuan Ratu
18.08.06.2004,Gunung Cahya
18.08.06.2005,Rumbih
18.08.06.2006,Negara Ratu
18.08.06.2007,Negara Sakti
18.08.06.2008,Sukabumi
18.08.06.2009,Tanjung Agung
18.08.06.2010,Tanjung Serupa
18.08.06.2011,Negara Harja
18.08.06.2012,Bakti Negara
18.08.06.2013,Pakuan Baru
18.08.06.2014,Negara Tama
18.08.06.2015,Way Tawar
18.08.06.2016,Gunung Waras
18.08.06.2017,Pakuan Sakti
18.08.06.2018,Serupa Indah
18.08.06.2019,Bumi Mulya
18.08.07.2001,Negeri Agung
18.08.07.2002,Bandar Dalam
18.08.07.2003,Pulau Batu
18.08.07.2004,Penengahan
18.08.07.2005,Karya Agung
18.08.07.2006,Sunsang
18.08.07.2007,Kota Baru
18.08.07.2008,Kotabumi Way Kanan
18.08.07.2009,Gedung Meneng
18.08.07.2010,Gedung Harapan
18.08.07.2011,Tanjung Rejo
18.08.07.2012,Kali Papan
18.08.07.2013,Mulya Sari
18.08.07.2014,Way Limau
18.08.07.2015,Gedung Jaya
18.08.07.2016,Rejo Sari
18.08.07.2017,Bandar Kasih
18.08.07.2018,Sumber Rejeki
18.08.07.2019,Mulya Agung
18.08.08.2001,Way Tuba
18.08.08.2002,Karya Jaya
18.08.08.2003,Say Umpu
18.08.08.2004,Beringin Jaya
18.08.08.2005,Suma Mukti
18.08.08.2006,Ramsai
18.08.08.2007,Bandar Sari
18.08.08.2008,Bumi Dana
18.08.08.2009,Bukit Gemuruh
18.08.08.2010,Way Mencar
18.08.08.2011,Way Pisang
18.08.08.2012,Bukit Harapan
18.08.08.2013,Way Tuba Asri
18.08.09.2001,Lebak Peniangan
18.08.09.2002,Tanjung Tiga
18.08.09.2003,Madang Jaya
18.08.09.2004,Air Ringkih
18.08.09.2005,Gunung Sari
18.08.09.2006,Simpang Tiga
18.08.09.2007,Tanjung Raya
18.08.09.2008,Beringin Jaya
18.08.09.2009,Karya Maju
18.08.09.2010,Mulya Jaya
18.08.10.2001,Gunung Labuhan
18.08.10.2002,Gunung Baru
18.08.10.2003,Banjar Sakti
18.08.10.2004,Suka Negeri
18.08.10.2005,Negeri Mulyo
18.08.10.2006,Negeri Sungkai
18.08.10.2007,Gunung Sari
18.08.10.2008,Way Tuba
18.08.10.2009,Bengkulu
18.08.10.2010,Bengkulu Rejo
18.08.10.2011,Kayu Batu
18.08.10.2012,Bengkulu Raman
18.08.10.2013,Bengkulu Jaya
18.08.10.2014,Tiuh Balak II
18.08.10.2015,Curup Patah
18.08.10.2016,Sukarame
18.08.10.2017,Banjar Ratu
18.08.10.2018,Negeri Ujan Mas
18.08.10.2019,Bengkulu Tengah
18.08.10.2020,Gunungpekuwon
18.08.10.2021,Labuhan Jaya
18.08.11.2001,Negara Batin
18.08.11.2002,Purwa Agung
18.08.11.2003,Purwa Negara
18.08.11.2004,Setia Negara
18.08.11.2005,Sri Mulyo
18.08.11.2006,Sri Menanti
18.08.11.2007,Karta Jaya
18.08.11.2008,Gisting Jaya
18.08.11.2009,Marga Jaya
18.08.11.2010,Bumi Jaya
18.08.11.2011,Gedung Jaya
18.08.11.2012,Adi Jaya
18.08.11.2013,Sari Jaya
18.08.11.2014,Negara Mulya
18.08.11.2015,Kota Jawa
18.08.12.2001,Negeri Besar
18.08.12.2002,Kiling-kiling
18.08.12.2003,Kaliawi
18.08.12.2004,Tiuh Baru
18.08.12.2005,Bima Sakti
18.08.12.2006,Tegal Mukti
18.08.12.2007,Negara Jaya
18.08.12.2008,Pagar Iman
18.08.12.2009,Sri Basuki
18.08.12.2010,Kaliawi Indah
18.08.12.2011,Negeri Jaya
18.08.12.2012,Tanjungmas
18.08.12.2013,Negeri Kasih
18.08.13.2001,Bumi Harjo
18.08.13.2002,Punjul Agung
18.08.13.2003,Sri Tunggal
18.08.13.2004,Suka Bumi
18.08.13.2005,Suka Agung
18.08.13.2006,Sukadana
18.08.13.2007,Nuar Maju
18.08.13.2008,Lebung Lawe
18.08.13.2009,Way Agung
18.08.14.2001,Pisang Baru
18.08.14.2002,Pisang Indah
18.08.14.2003,Sri Numpi
18.08.14.2004,Mulyo Harjo
18.08.14.2005,Bumi Agung
18.08.14.2006,Karangan
18.08.14.2007,Wono Harjo
18.08.14.2008,Suka Maju
18.08.14.2009,Tanjung Dalom
18.08.14.2010,Bumi Say Agung
18.09,KAB. PESAWARAN
18.09.01.2001,Padang Ratu
18.09.01.2002,Pampangan
18.09.01.2003,Cipadang
18.09.01.2004,Way Layap
18.09.01.2005,Sukadadi
18.09.01.2006,Gedung Tataan
18.09.01.2007,Bagelen
18.09.01.2008,Sukaraja
18.09.01.2009,Kebagusan
18.09.01.2010,Sungai Langka
18.09.01.2011,Kurungan Nyawa
18.09.01.2012,Negeri Sakti
18.09.01.2013,Bernung
18.09.01.2014,Suka Banjar
18.09.01.2015,Wiyono
18.09.01.2016,Taman Sari
18.09.01.2017,Bogorejo
18.09.01.2018,Karang Anyar
18.09.01.2019,Kutoarjo
18.09.02.2001,Kagungan Ratu
18.09.02.2002,Kali Rejo
18.09.02.2003,Purworejo
18.09.02.2004,Pujo Rahayu
18.09.02.2005,Negeri Katon
18.09.02.2006,Ponco Kresno
18.09.02.2007,Halangan Ratu
18.09.02.2008,Pejambon
18.09.02.2009,Negara Saka
18.09.02.2010,Sinar Bandung
18.09.02.2011,Tanjung Rejo
18.09.02.2012,Rowo Rejo
18.09.02.2013,Tresno Maju
18.09.02.2014,Sidomulyo
18.09.02.2015,Lumbirejo
18.09.02.2016,Tri Rahayu
18.09.02.2017,Bangun Sari
18.09.02.2018,Karang Rejo
18.09.02.2019,Negeri Ulangan Jaya
18.09.03.2001,Bumi Agung
18.09.03.2002,Kejadian
18.09.03.2003,Batang Hari Ogan
18.09.03.2004,Negara Ratu Wates
18.09.03.2005,Gunung Sugih Baru
18.09.03.2006,Gedung Gumanti
18.09.03.2007,Kresno Widodo
18.09.03.2008,Sinarjati
18.09.03.2009,Margo Rejo
18.09.03.2010,Gerning
18.09.03.2011,Panca Bakti
18.09.03.2012,Margo Mulyo
18.09.03.2013,Rejo Agung
18.09.03.2014,Kota Agung
18.09.03.2015,Trimulyo
18.09.03.2016,Sriwedari
18.09.04.2001,Padang Manis
18.09.04.2002,Banjar Negeri
18.09.04.2003,Sidodadi
18.09.04.2004,Pekondoh Gedung
18.09.04.2005,Pekondoh
18.09.04.2006,Kota Dalam
18.09.04.2007,Tanjung Agung
18.09.04.2008,Gedong Dalam
18.09.04.2009,Sindang Garut
18.09.04.2010,Baturaja
18.09.04.2011,Way Harong
18.09.04.2012,Gunung Rejo
18.09.04.2013,Margodadi
18.09.04.2014,Cimanuk
18.09.04.2015,Sukamandi
18.09.04.2016,Paguyuban
18.09.05.2001,Banjaran
18.09.05.2004,Durian
18.09.05.2009,Hanau Berak
18.09.05.2010,Paya
18.09.05.2011,Padang Cermin
18.09.05.2012,Sanggi
18.09.05.2016,Tambangan
18.09.05.2017,Way Urang
18.09.05.2025,Khepong Jaya
18.09.05.2026,Trimulyo
18.09.05.2031,Gayau
18.09.06.2001,Bawang
18.09.06.2002,Banding Agung
18.09.06.2003,Batu Raja
18.09.06.2004,Sukajaya Pidada
18.09.06.2005,Rusaba
18.09.06.2006,Kota Jawa
18.09.06.2016,Sukarame
18.09.06.2017,Pagar Jaya
18.09.06.2019,Pulau Legundi
18.09.06.2020,Suka Maju
18.09.06.2021,Bangun Rejo
18.09.07.2008,Way Kepayang
18.09.07.2009,Suka Maju
18.09.07.2010,Kedondong
18.09.07.2011,Pasar Baru
18.09.07.2012,Tempel Rejo
18.09.07.2013,Kertasana
18.09.07.2014,Gunung Sugih
18.09.07.2017,Sinar Harapan
18.09.07.2018,Teba Jawa
18.09.07.2019,Babakan Loa
18.09.07.2020,Pesawaran Indah
18.09.07.2021,Harapan Jaya
18.09.08.2001,Sukajaya Punduh
18.09.08.2002,Maja
18.09.08.2003,Penyandingan
18.09.08.2004,Tajur
18.09.08.2005,Umbul Limus
18.09.08.2006,Pekon Ampai
18.09.08.2007,Kunyaian
18.09.08.2008,Kekatang
18.09.08.2009,Kampung Baru
18.09.08.2010,Pulau Pahawang
18.09.09.2001,Penengahan
18.09.09.2002,Suka Jaya
18.09.09.2003,Padang Cermin
18.09.09.2004,Bayas Jaya
18.09.09.2005,Tanjung Kerta
18.09.09.2006,Kota Jawa
18.09.09.2007,Gunung Sari
18.09.09.2008,Mada Jaya
18.09.09.2009,Kubu Batu
18.09.09.2010,Tanjung Rejo
18.09.10.2001,Batu Menyan
18.09.10.2002,Cilimus
18.09.10.2003,Gebang
18.09.10.2004,Hanura
18.09.10.2005,Hurun
18.09.10.2006,Munca
18.09.10.2007,Sidodadi
18.09.10.2008,Sukajaya Lempasing
18.09.10.2009,Talang Mulya
18.09.10.2010,Tanjung Agung
18.09.11.2001,Bunut
18.09.11.2002,Bunut Seberang
18.09.11.2003,Wates Way Ratai
18.09.11.2004,Ceringin Asri
18.09.11.2005,Sumber Jaya
18.09.11.2006,Mulyo Sari
18.09.11.2007,Poncorejo
18.09.11.2008,Gunung Rejo
18.09.11.2009,Pesawaran Indah
18.09.11.2010,Harapan Jaya
18.10,KAB. PRINGSEWU
18.10.01.1001,Fajaresuk
18.10.01.1002,Pringsewu Utara
18.10.01.1003,Pringsewu Selatan
18.10.01.1004,Pringsewu Barat
18.10.01.1005,Pringsewu Timur
18.10.01.2006,Margakaya
18.10.01.2007,Waluyojati
18.10.01.2008,Sidoharjo
18.10.01.2009,Podomoro
18.10.01.2010,Bumi Arum
18.10.01.2011,Fajar Agung
18.10.01.2012,Rejo Sari
18.10.01.2013,Bumi Ayu
18.10.01.2014,Podosari
18.10.01.2015,Fajar Agung Barat
18.10.02.2001,Parerejo
18.10.02.2002,Blitarejo
18.10.02.2003,Panjerejo
18.10.02.2004,Bulokarto
18.10.02.2005,Wates
18.10.02.2006,Tambahrejo
18.10.02.2007,Wonodadi
18.10.02.2008,Gadingrejo
18.10.02.2009,Tegalsari
18.10.02.2010,Tulung Agung
18.10.02.2011,Bulurejo
18.10.02.2012,Yogyakarta
18.10.02.2013,Kediri
18.10.02.2014,Mataram
18.10.02.2015,Wonosari
18.10.02.2016,Klaten
18.10.02.2017,Wates Timur
18.10.02.2018,Wates Selatan
18.10.02.2019,Gading Rejo Timur
18.10.02.2020,Gading Rejo Utara
18.10.02.2021,Tambah Rejo Barat
18.10.02.2022,Wonodadi Utara
18.10.02.2023,Yogyakarta Selatan
18.10.03.2001,Ambarawa
18.10.03.2002,Ambarawa Barat
18.10.03.2003,Kresno Mulyo
18.10.03.2004,Sumber Agung
18.10.03.2005,Tanjung Anom
18.10.03.2006,Jati Agung
18.10.03.2007,Margodadi
18.10.03.2008,Ambarawa Timur
18.10.04.2001,Kedaung
18.10.04.2002,Pardasuka
18.10.04.2003,Suka Negeri
18.10.04.2004,Tanjung Rusia
18.10.04.2005,Warga Mulyo
18.10.04.2006,Pujodadi
18.10.04.2007,Sukorejo
18.10.04.2008,Selapan
18.10.04.2009,Rantau Tijang
18.10.04.2010,Sidodadi
18.10.04.2011,Pardasuka Timur
18.10.04.2012,Tanjung Rusia Timur
18.10.04.2013,Pardasuka Selatan
18.10.05.2001,Candi Retno
18.10.05.2002,Tanjung Dalom
18.10.05.2003,Way Ngison
18.10.05.2004,Suka Wangi
18.10.05.2005,Suka Ratu
18.10.05.2006,Pagelaran
18.10.05.2007,Patoman
18.10.05.2008,Karangsari
18.10.05.2009,Gumuk Mas
18.10.05.2010,Bumi Ratu
18.10.05.2011,Panutan
18.10.05.2012,Lugusari
18.10.05.2019,Pamenang
18.10.05.2020,Gemah Ripah
18.10.05.2023,Pasir Ukir
18.10.05.2024,Gumukrejo
18.10.05.2027,Puji Harjo
18.10.05.2028,Padang Rejo
18.10.05.2029,Sidodadi
18.10.05.2030,Sumber Rejo
18.10.05.2031,Ganjaran
18.10.05.2032,Bumi Rejo
18.10.06.2001,Banyumas
18.10.06.2002,Banyuwangi
18.10.06.2003,Sukamulya
18.10.06.2004,Sriwungu
18.10.06.2005,Banjarejo
18.10.06.2006,Waya Krui
18.10.06.2007,Sri Rahayu
18.10.06.2008,Nusa Wungu
18.10.06.2009,Sinar Mulya
18.10.06.2010,Banyu Urip
18.10.06.2011,Mulyo Rejo
18.10.07.2001,Adiluwih
18.10.07.2002,Bandung Baru
18.10.07.2003,Sinarwayah
18.10.07.2004,Enggal Rejo
18.10.07.2005,Sukoharum
18.10.07.2006,Waringin Sari Timur
18.10.07.2007,Tri Tunggal Mulya
18.10.07.2008,Purwodadi
18.10.07.2009,Srikaton
18.10.07.2010,Tunggul Pawenang
18.10.07.2011,Bandung Baru Barat
18.10.07.2012,Totokarto
18.10.07.2013,Kuta Waringin
18.10.08.2001,Sinar Baru
18.10.08.2002,Sukoharjo I
18.10.08.2003,Sukoharjo II
18.10.08.2004,Sukoharjo III
18.10.08.2005,Sukoharjo IV
18.10.08.2006,Panggungrejo
18.10.08.2007,Pandan Sari
18.10.08.2008,Pandan Surat
18.10.08.2009,Keputran
18.10.08.2010,Sukoyoso
18.10.08.2011,Siliwangi
18.10.08.2012,Waringinsari Barat
18.10.08.2013,Pandan Sari Selatan
18.10.08.2014,Sinar Baru Timur
18.10.08.2015,Panggung Rejo Utara
18.10.08.2016,Sukoharjo III Barat
18.10.09.2001,Fajar Baru
18.10.09.2002,Kemilin
18.10.09.2003,Neglasari
18.10.09.2004,Fajar Mulia
18.10.09.2005,Margosari
18.10.09.2006,Giri Tunggal
18.10.09.2007,Sumber Bandung
18.10.09.2008,Madaraya
18.10.09.2009,Way Kunir
18.10.09.2010,Gunung Raya
18.11,KAB. MESUJI
18.11.01.2001,Wiralaga I
18.11.01.2002,Wiralaga II
18.11.01.2003,Sungai Badak
18.11.01.2004,Nipah Kuning
18.11.01.2005,Sido Mulyo
18.11.01.2006,Tirta Laga
18.11.01.2007,Tanjung Serayan
18.11.01.2008,Sumber Makmur
18.11.01.2009,Mulya Sari
18.11.01.2010,Wiralaga Mulya
18.11.01.2011,Suka Maju
18.11.02.2001,Talang Batu
18.11.02.2002,Sungai Cambai
18.11.02.2003,Tanjung Mas Makmur
18.11.02.2004,Margo Jadi
18.11.02.2005,Tanjung Meneng
18.11.02.2006,Eka Mulya
18.11.02.2007,Wono Sari
18.11.02.2008,Dwi Karya Mustika
18.11.02.2009,Pangkal Mas Jaya
18.11.02.2010,Pangkal Mas Mulya
18.11.02.2011,Tanjung Mas Mulya
18.11.02.2012,Muara Mas
18.11.02.2013,Tanjung Mas Jaya
18.11.02.2014,Margo Jaya
18.11.02.2015,Pangkal Mas
18.11.02.2016,Tanjung Menang Raya
18.11.02.2017,Tebing Karya Mandiri
18.11.02.2018,Tanjung Mas Rejo
18.11.02.2019,Margo Mulyo
18.11.02.2020,Muara Asri
18.11.03.2001,Sungai Buaya
18.11.03.2002,Panggung Jaya
18.11.03.2003,Sungai Sidang
18.11.03.2004,Sidang Sido Rahayu
18.11.03.2005,Sidang Way Puji
18.11.03.2006,Sidang Bandar Anom
18.11.03.2007,Panggung Rejo
18.11.03.2008,Sidang Iso Mukti
18.11.03.2009,Sidang Kurnia Agung
18.11.03.2010,Telogo Rejo
18.11.03.2011,Sidang Gunung Tiga
18.11.03.2012,Sidang Muara Jaya
18.11.03.2013,Sidang Makmur
18.11.04.2001,Buko Poso
18.11.04.2002,Kejadian
18.11.04.2003,Bumi Harapan
18.11.04.2004,Kebun Dalem
18.11.04.2005,Panca Warna
18.11.04.2006,Gedung Boga
18.11.04.2007,Suka Agung
18.11.04.2008,Rejo Mulyo
18.11.04.2009,Hadi Mulyo
18.11.04.2010,Labuhan Batin
18.11.04.2011,Labuhan Baru
18.11.04.2012,Labuhan Makmur
18.11.04.2013,Sri Gedung Mulya
18.11.04.2014,Labuhan Permai
18.11.04.2015,Sumber Rejo
18.11.04.2016,Margo Bhakti
18.11.04.2017,Labuhan Mulya
18.11.04.2018,Karang Mulya
18.11.04.2019,Tri Tunggal Jaya
18.11.04.2020,Suka Mandiri
18.11.05.2001,Simpang Pematang
18.11.05.2002,Budi Aji
18.11.05.2003,Margo Rahayu
18.11.05.2004,Harapan Jaya
18.11.05.2005,Wira Bangun
18.11.05.2006,Agung Batin
18.11.05.2007,Bangun Mulyo
18.11.05.2008,Jaya Sakti
18.11.05.2009,Rejo Binangun
18.11.05.2010,Simpang Mesuji
18.11.05.2011,Margo Makmur
18.11.05.2012,Aji Jaya
18.11.05.2013,Mulya Agung
18.11.06.2001,Adi Luhur
18.11.06.2002,Mukti Karya
18.11.06.2003,Fajar Baru
18.11.06.2004,Adi Mulyo
18.11.06.2005,Fajar Asri
18.11.06.2006,Fajar Indah
18.11.06.2007,Adi Karya Mulya
18.11.07.2001,Brabasan
18.11.07.2002,Gedung Ram
18.11.07.2003,Mekar Sari
18.11.07.2004,Bujung Buring
18.11.07.2005,Kagungan Dalam
18.11.07.2006,Tanjung Sari
18.11.07.2007,Harapan Mukti
18.11.07.2008,Sri Tanjung
18.11.07.2009,Bangun Jaya
18.11.07.2010,Muara Tenang
18.11.07.2011,Wira Jaya
18.11.07.2012,Sinar Laga
18.11.07.2013,Tri Karya Mulya
18.11.07.2014,Berasan Makmur
18.11.07.2015,Mekar Jaya
18.11.07.2016,Gedung Mulya
18.11.07.2017,Tanjung Harapan
18.11.07.2018,Muara Tenang Timur
18.11.07.2019,Sriwijaya
18.11.07.2020,Mukti Jaya
18.11.07.2021,Bujung Buring Baru
18.12,KAB. TULANG BAWANG BARAT
18.12.01.1001,Mulyo Asri
18.12.01.1007,Panaragan Jaya
18.12.01.2002,Panaragan
18.12.01.2003,Bandar Dewa
18.12.01.2004,Menggala Mas
18.12.01.2005,Penumangan
18.12.01.2006,Penumangan Baru
18.12.01.2008,Tirta Kencana
18.12.01.2009,Pulung Kencana
18.12.01.2010,Mulya Kencana
18.12.01.2011,Candra Kencana
18.12.01.2012,Tunas Asri
18.12.01.2013,Wono Kerto
18.12.01.2014,Panaragan Jaya Utama
18.12.01.2015,Panaragan Jaya Indah
18.12.01.2016,Mulya Jaya
18.12.01.2017,Tirta Makmur
18.12.01.2018,Candra Mukti
18.12.01.2019,Candra Jaya
18.12.02.1001,Daya Murni
18.12.02.2002,Daya Sakti
18.12.02.2003,Margo Mulyo
18.12.02.2004,Makarti
18.12.02.2005,Gunung Menanti
18.12.02.2006,Daya Asri
18.12.02.2007,Murni Jaya
18.12.02.2008,Sumber Rejo
18.12.02.2009,Margo Dadi
18.12.02.2010,Gunung Timbul
18.12.03.2001,Karta
18.12.03.2002,Karta Sari
18.12.03.2003,Karta Raharja
18.12.03.2004,Gunung Katun Tanjungan
18.12.03.2005,Gunung Katun Malai
18.12.03.2006,Gedung Ratu
18.12.03.2007,Kagungan Ratu
18.12.03.2008,Marga Kencana
18.12.03.2009,Way Sido
18.12.04.2002,Toto Mulyo
18.12.04.2006,Setia Bumi
18.12.04.2007,Gunung Terang
18.12.04.2008,Gunung Agung
18.12.04.2011,Kagungan Jaya
18.12.04.2012,Terang Mulya
18.12.04.2013,Terang Bumi Agung
18.12.04.2015,Setia Agung
18.12.04.2017,Mulyo Jadi
18.12.04.2020,Terang Makmur
18.12.05.2001,Tunas Jaya
18.12.05.2002,Mekar Jaya
18.12.05.2003,Marga Jaya
18.12.05.2004,Jaya Murni
18.12.05.2005,Suka Jaya
18.12.05.2006,Mulya Jaya
18.12.05.2007,Bangun Jaya
18.12.05.2008,Sumber Jaya
18.12.05.2009,Wono Rejo
18.12.05.2010,Tri Tunggal Jaya
18.12.05.2011,Mulya Sari
18.12.05.2012,Dwikora Jaya
18.12.05.2013,Sumber Rejeki
18.12.06.2001,Agung Jaya
18.12.06.2002,Mercu Buana
18.12.06.2003,Balam Jaya
18.12.06.2004,Pagar Buana
18.12.06.2005,Indraloka I
18.12.06.2006,Indraloka II
18.12.06.2007,Balam Asri
18.12.06.2008,Indraloka Jaya
18.12.06.2009,Indraloka Mukti
18.12.07.2001,Kibang Budi Jaya
18.12.07.2002,Lesung Bhakti Jaya
18.12.07.2003,Mekar Sari Jaya
18.12.07.2004,Pagar Jaya
18.12.07.2005,Gunung Sari
18.12.07.2006,Sumber Rejo
18.12.07.2007,Kibang Yekti Jaya
18.12.07.2008,Kibang Tri Jaya
18.12.07.2009,Gilang Tunggal Makarta
18.12.07.2010,Kibang Mulya Jaya
18.12.08.2001,Pagar Dewa
18.12.08.2002,Pagar Dewa Suka Mulya
18.12.08.2003,Cahyou Randu
18.12.08.2004,Bujung Dewa
18.12.08.2005,Bujung Sari Marga
18.12.08.2006,Marga Jaya Indah
18.12.09.2001,Panca Marga
18.12.09.2002,Sido Makmur
18.12.09.2003,Sakti Jaya
18.12.09.2004,Margo Mulya
18.12.09.2005,Margo Dadi
18.12.09.2006,Marga Sari
18.12.09.2007,Mulyo Sari
18.12.09.2008,Toto Katon
18.12.09.2009,Toto Makmur
18.12.09.2010,Toto Wonodadi
18.13,KAB. PESISIR BARAT
18.13.01.1005,Pasar Krui
18.13.01.1008,Pasar Kota Krui
18.13.01.2001,Way Redak
18.13.01.2002,Serai
18.13.01.2003,Kampung Jawa
18.13.01.2004,Rawas
18.13.01.2006,Suka Negara
18.13.01.2007,Pahmungan
18.13.02.2001,Negeri Ratu Tenumbang
18.13.02.2002,Sukarame
18.13.02.2003,Pelita Jaya
18.13.02.2004,Sumur Jaya
18.13.02.2005,Tanjung Jati
18.13.02.2006,Pagar Dalam
18.13.02.2007,Tanjung Setia
18.13.02.2008,Biha
18.13.02.2009,Way Jambu
18.13.02.2010,Marang
18.13.02.2011,Tanjung Raya
18.13.02.2012,Bangun Negara
18.13.02.2013,Ulok Manik
18.13.02.2014,Paku Negara
18.13.02.2015,Tulung Bamban
18.13.03.2001,Tanjung Jati
18.13.03.2002,Tanjung Sakti
18.13.03.2003,Way Batang
18.13.03.2004,Lemong
18.13.03.2005,Cahaya Negeri
18.13.03.2006,Malaya
18.13.03.2007,Bambang
18.13.03.2008,Pagar Dalam
18.13.03.2009,Bandar Pugung
18.13.03.2010,Penengahan
18.13.03.2011,Rata Agung
18.13.03.2012,Sukamulya
18.13.03.2013,Parda Haga
18.13.04.2001,Kuripan
18.13.04.2002,Padang Rindu
18.13.04.2003,Negeri Ratu
18.13.04.2004,Kerbang Dalam
18.13.04.2005,Kota Karang
18.13.04.2006,Balam
18.13.04.2007,Way Narta
18.13.04.2008,Kerbang Langgar
18.13.04.2009,Walur
18.13.04.2010,Batu Raja
18.13.04.2011,Pemancar
18.13.04.2012,Gedau
18.13.05.2001,Kebuayan
18.13.05.2002,Way Nukak
18.13.05.2003,Way Sindi
18.13.05.2004,Penengahan
18.13.05.2005,Menyancang
18.13.05.2006,Laay
18.13.05.2007,Penggawa V Ulu
18.13.05.2008,Penggawa V Tengah
18.13.05.2009,Way Sindi Utara
18.13.05.2010,Tembakak Way Sindi
18.13.05.2011,Way Sindi Hanuan
18.13.05.2012,Asahan Way Sindi
18.13.06.2001,Pasar Pulaupisang
18.13.06.2002,Labuhan
18.13.06.2003,Bandar Dalam
18.13.06.2004,Pekon Lok
18.13.06.2005,Sukadana
18.13.06.2006,Suka Marga
18.13.07.2001,Pajar Bulan
18.13.07.2002,Bumi Waras
18.13.07.2003,Banjar Agung
18.13.07.2004,Penggawa V Ilir
18.13.07.2005,Ulu Krui
18.13.07.2006,Gunung Kemala
18.13.07.2007,Labuhan Mandi
18.13.07.2008,Suka Baru
18.13.07.2009,Penggawa Lima
18.13.07.2010,Gunungkemala Timur
18.13.08.2001,Balai Kencana
18.13.08.2002,Way Suluh
18.13.08.2003,Way Napal
18.13.08.2004,Padang Haluan
18.13.08.2005,Lintik
18.13.08.2006,Walur
18.13.08.2007,Pemerihan
18.13.08.2008,Mandiri Sejati
18.13.08.2009,Padang Raya
18.13.08.2010,Suka Jadi
18.13.09.2001,Sumber Agung
18.13.09.2002,Ulok Mukti
18.13.09.2003,Negeri Ratu Ngambur
18.13.09.2004,Pekon Mon
18.13.09.2005,Gedung Cahya Kuningan
18.13.09.2006,Suka Banjar
18.13.09.2007,Suka Negara
18.13.09.2008,Muara Tembulih
18.13.09.2009,Bumi Ratu
18.13.10.2001,Negeri Ratu Ngaras
18.13.10.2003,Kota Batu
18.13.10.2004,Mulang Maya
18.13.10.2005,Rajabasa
18.13.10.2006,Pardasuka
18.13.10.2017,Padang Alam
18.13.10.2018,Suka Maju
18.13.10.2019,Sukarame
18.13.10.2020,Bandar Jaya
18.13.11.2001,Pagar Bukit
18.13.11.2002,Tanjung Kemala
18.13.11.2003,Suka Marga
18.13.11.2004,Kota Jawa
18.13.11.2005,Penyandingan
18.13.11.2006,Bandar Dalam
18.13.11.2007,Way Haru
18.13.11.2008,Pemerihan
18.13.11.2009,Suka Negeri
18.13.11.2010,Sumberejo
18.13.11.2011,Siring Gading
18.13.11.2012,Way Tias
18.13.11.2013,Tanjung Rejo
18.13.11.2014,Pagar Bukit Induk
18.71,KOTA BANDAR LAMPUNG
18.71.01.1003,Kedaton
18.71.01.1004,Surabaya
18.71.01.1005,Sukamenanti
18.71.01.1006,Sidodadi
18.71.01.1009,Sukamenanti Baru
18.71.01.1010,Penengahan
18.71.01.1012,Penengahan Raya
18.71.02.1003,Sukarame
18.71.02.1004,Way Dadi
18.71.02.1006,Sukarame Baru
18.71.02.1007,Way Dadi Baru
18.71.02.1008,Korpri jaya
18.71.02.1009,Korpri Raya
18.71.03.1001,Gedong Air
18.71.03.1002,Sukajawa
18.71.03.1004,Susunan Baru
18.71.03.1006,Sukadana Ham
18.71.03.1008,Kelapa Tiga Permai
18.71.03.1010,Sukajawa Baru
18.71.03.1011,Segalamider
18.71.04.1001,Panjang Selatan
18.71.04.1002,Srengsem
18.71.04.1003,Panjang Utara
18.71.04.1004,Pidada
18.71.04.1007,Karang Maritim
18.71.04.1008,Way Lunik
18.71.04.1009,Ketapang
18.71.04.1010,Ketapang Kuala
18.71.05.1002,Kota Baru
18.71.05.1003,Tanjung Agung
18.71.05.1004,Kebon Jeruk
18.71.05.1005,Sawah Lama
18.71.05.1006,Sawah Brebes
18.71.06.1001,Durian Payung
18.71.06.1002,Gotong Royong
18.71.06.1005,Palapa
18.71.06.1006,Kaliawi
18.71.06.1007,Kelapa Tiga
18.71.06.1010,Pasir Gintung
18.71.06.1012,Kaliawi Persada
18.71.07.1001,Pesawahan
18.71.07.1002,Telukbetung
18.71.07.1008,Talang
18.71.07.1009,Gedong Pakuon
18.71.07.1012,Sumur Putri
18.71.07.1013,Gunungmas
18.71.08.1005,Bakung
18.71.08.1006,Kuripan
18.71.08.1007,Negeri Olok Gading
18.71.08.1008,Sukarame II
18.71.08.1009,Batu Putuk
18.71.09.1001,Kupang Kota
18.71.09.1003,Kupang Raya
18.71.09.1004,Kupang Teba
18.71.09.1006,Pengajaran
18.71.09.1007,Gulak Galik
18.71.09.1008,Sumur Batu
18.71.10.1001,Rajabasa
18.71.10.1002,Gedong Meneng
18.71.10.1005,Rajabasa Nunyai
18.71.10.1006,Rajabasa Pemuka
18.71.10.1007,Gedong Meneng Baru
18.71.10.1008,Rajabasa Raya
18.71.10.1009,Rajabasa Jaya
18.71.11.1001,Tanjung Senang
18.71.11.1002,Way Kandis
18.71.11.1003,Labuhan Dalam
18.71.11.1004,Perumnas Way Kandis
18.71.11.1005,Pematang Wangi
18.71.12.1002,Sukabumi
18.71.12.1004,Sukabumi Indah
18.71.12.1007,Campang Raya
18.71.12.1008,Nusantara Permai
18.71.12.1009,Campang Jaya
18.71.12.1010,Way Gubak
18.71.12.1011,Way Laga
18.71.13.1001,Sumber Rejo
18.71.13.1003,Beringin Jaya
18.71.13.1004,Kemiling Permai
18.71.13.1005,Sumber Agung
18.71.13.1006,Kedaung
18.71.13.1007,Pinang Jaya
18.71.13.1008,Sumberrejo Sejahtera
18.71.13.1009,Kemiling Raya
18.71.13.1010,Beringin Raya
18.71.14.1001,Labuhan Ratu
18.71.14.1002,Labuhan Ratu Raya
18.71.14.1003,Sepang Jaya
18.71.14.1004,Kota Sepang
18.71.14.1006,Kampung Baru Raya
18.71.14.1007,Kampung Baru
18.71.15.1001,Perumnas Way Halim
18.71.15.1002,Way Halim Permai
18.71.15.1003,Gunungsulah
18.71.15.1004,Jagabaya I
18.71.15.1005,Jagabaya II
18.71.15.1006,Jagabaya III
18.71.16.1001,Langkapura
18.71.16.1002,Langkapura Baru
18.71.16.1003,Gunungterang
18.71.16.1005,Bilabong Jaya
18.71.16.1006,Gunungagung
18.71.17.1001,Enggal
18.71.17.1002,Pelita
18.71.17.1003,Tanjungkarang
18.71.17.1004,Gunungsari
18.71.17.1005,Rawalaut
18.71.17.1006,Pahoman
18.71.18.1001,Kedamaian
18.71.18.1002,Bumi Kedamaian
18.71.18.1003,Tanjungagung Raya
18.71.18.1004,Tanjungbaru
18.71.18.1005,Kalibalau Kencana
18.71.18.1006,Tanjungraya
18.71.18.1007,Tanjunggading
18.71.19.1001,Kota Karang
18.71.19.1002,Kota Karang Raya
18.71.19.1003,Parwata
18.71.19.1004,Keteguhan
18.71.19.1005,Sukamaju
18.71.19.1006,Way Tataan
18.71.20.1001,Sukaraja
18.71.20.1002,Bumi Waras
18.71.20.1003,Garuntang
18.71.20.1004,Bumi Raya
18.71.20.1005,Kangkung
18.72,KOTA METRO
18.72.01.1001,Metro
18.72.01.1002,Hadimulyo Timur
18.72.01.1003,Imopuro
18.72.01.1004,Hadimulyo Barat
18.72.01.1005,Yosomulyo
18.72.02.1001,Banjarsari
18.72.02.1002,Purwosari
18.72.02.1003,Karangrejo
18.72.02.1004,Purwoasri
18.72.03.1001,Mulyojati
18.72.03.1002,Ganjar Agung
18.72.03.1003,Mulyosari
18.72.03.1004,Ganjar Asri
18.72.04.1001,Yosodadi
18.72.04.1002,Tejosari
18.72.04.1003,Iring Mulyo
18.72.04.1004,Yosorejo
18.72.04.1005,Tejo Agung
18.72.05.1001,Rejomulyo
18.72.05.1002,Margorejo
18.72.05.1003,Sumbersari Bantul
18.72.05.1004,Margodadi
31,DKI JAKARTA
31.01,KAB. ADM. KEP. SERIBU
31.01.01.1001,Pulau Panggang
31.01.01.1002,Pulau Kelapa
31.01.01.1003,Pulau Harapan
31.01.02.1001,Pulau Untung Jawa
31.01.02.1002,Pulau Tidung
31.01.02.1003,Pulau Pari
31.71,KOTA ADM. JAKARTA PUSAT
31.71.01.1001,Gambir
31.71.01.1002,Cideng
31.71.01.1003,Petojo Utara
31.71.01.1004,Petojo Selatan
31.71.01.1005,Kebon Kelapa
31.71.01.1006,Duri Pulo
31.71.02.1001,Pasar Baru
31.71.02.1002,Karang Anyar
31.71.02.1003,Kartini
31.71.02.1004,Gunung Sahari Utara
31.71.02.1005,Mangga Dua Selatan
31.71.03.1001,Kemayoran
31.71.03.1002,Kebon Kosong
31.71.03.1003,Harapan Mulia
31.71.03.1004,Serdang
31.71.03.1005,Gunung Sahari Selatan
31.71.03.1006,Cempaka Baru
31.71.03.1007,Sumur Batu
31.71.03.1008,Utan Panjang
31.71.04.1001,Senen
31.71.04.1002,Kenari
31.71.04.1003,Paseban
31.71.04.1004,Kramat
31.71.04.1005,Kwitang
31.71.04.1006,Bungur
31.71.05.1001,Cempaka Putih Timur
31.71.05.1002,Cempaka Putih Barat
31.71.05.1003,Rawasari
31.71.06.1001,Menteng
31.71.06.1002,Pegangsaan
31.71.06.1003,Cikini
31.71.06.1004,Gondangdia
31.71.06.1005,Kebon Sirih
31.71.07.1001,Gelora
31.71.07.1002,Bendungan Hilir
31.71.07.1003,Karet Tengsin
31.71.07.1004,Petamburan
31.71.07.1005,Kebon Melati
31.71.07.1006,Kebon Kacang
31.71.07.1007,Kampung Bali
31.71.08.1001,Johar Baru
31.71.08.1002,Kampung Rawa
31.71.08.1003,Galur
31.71.08.1004,Tanah Tinggi
31.72,KOTA ADM. JAKARTA UTARA
31.72.01.1001,Penjaringan
31.72.01.1002,Kamal Muara
31.72.01.1003,Kapuk Muara
31.72.01.1004,Pejagalan
31.72.01.1005,Pluit
31.72.02.1001,Tanjung Priok
31.72.02.1002,Sunter Jaya
31.72.02.1003,Papanggo
31.72.02.1004,Sungai Bambu
31.72.02.1005,Kebon Bawang
31.72.02.1006,Sunter Agung
31.72.02.1007,Warakas
31.72.03.1001,Koja
31.72.03.1002,Tugu Utara
31.72.03.1003,Lagoa
31.72.03.1004,Rawa Badak Utara
31.72.03.1005,Tugu Selatan
31.72.03.1006,Rawa Badak Selatan
31.72.04.1001,Cilincing
31.72.04.1002,Sukapura
31.72.04.1003,Marunda
31.72.04.1004,Kalibaru
31.72.04.1005,Semper Timur
31.72.04.1006,Rorotan
31.72.04.1007,Semper Barat
31.72.05.1001,Pademangan Timur
31.72.05.1002,Pademangan Barat
31.72.05.1003,Ancol
31.72.06.1001,Kelapa Gading Timur
31.72.06.1002,Pegangsaan Dua
31.72.06.1003,Kelapa Gading Barat
31.73,KOTA ADM. JAKARTA BARAT
31.73.01.1001,Cengkareng Barat
31.73.01.1002,Duri Kosambi
31.73.01.1003,Rawa Buaya
31.73.01.1004,Kedaung Kali Angke
31.73.01.1005,Kapuk
31.73.01.1006,Cengkareng Timur
31.73.02.1001,Grogol
31.73.02.1002,Tanjung Duren Utara
31.73.02.1003,Tomang
31.73.02.1004,Jelambar
31.73.02.1005,Tanjung Duren Selatan
31.73.02.1006,Jelambar Baru
31.73.02.1007,Wijaya Kusuma
31.73.03.1001,Taman Sari
31.73.03.1002,Krukut
31.73.03.1003,Maphar
31.73.03.1004,Tangki
31.73.03.1005,Mangga Besar
31.73.03.1006,Keagungan
31.73.03.1007,Glodok
31.73.03.1008,Pinangsia
31.73.04.1001,Tambora
31.73.04.1002,Kali Anyar
31.73.04.1003,Duri Utara
31.73.04.1004,Tanah Sereal
31.73.04.1005,Krendang
31.73.04.1006,Jembatan Besi
31.73.04.1007,Angke
31.73.04.1008,Jembatan Lima
31.73.04.1009,Pekojan
31.73.04.1010,Roa Malaka
31.73.04.1011,Duri Selatan
31.73.05.1001,Kebon Jeruk
31.73.05.1002,Sukabumi Utara
31.73.05.1003,Sukabumi Selatan
31.73.05.1004,Kelapa Dua
31.73.05.1005,Duri Kepa
31.73.05.1006,Kedoya Utara
31.73.05.1007,Kedoya Selatan
31.73.06.1001,Kalideres
31.73.06.1002,Semanan
31.73.06.1003,Tegal Alur
31.73.06.1004,Kamal
31.73.06.1005,Pegadungan
31.73.07.1001,Palmerah
31.73.07.1002,Slipi
31.73.07.1003,Kota Bambu Utara
31.73.07.1004,Jatipulo
31.73.07.1005,Kemanggisan
31.73.07.1006,Kota Bambu Selatan
31.73.08.1001,Kembangan Utara
31.73.08.1002,Meruya Utara
31.73.08.1003,Meruya Selatan
31.73.08.1004,Srengseng
31.73.08.1005,Joglo
31.73.08.1006,Kembangan Selatan
31.74,KOTA ADM. JAKARTA SELATAN
31.74.01.1001,Tebet Timur
31.74.01.1002,Tebet Barat
31.74.01.1003,Menteng Dalam
31.74.01.1004,Kebon Baru
31.74.01.1005,Bukit Duri
31.74.01.1006,Manggarai Selatan
31.74.01.1007,Manggarai
31.74.02.1001,Setia Budi
31.74.02.1002,Karet Semanggi
31.74.02.1003,Karet Kuningan
31.74.02.1004,Karet
31.74.02.1005,Menteng Atas
31.74.02.1006,Pasar Manggis
31.74.02.1007,Guntur
31.74.02.1008,Kuningan Timur
31.74.03.1001,Mampang Prapatan
31.74.03.1002,Bangka
31.74.03.1003,Pela Mampang
31.74.03.1004,Tegal Parang
31.74.03.1005,Kuningan Barat
31.74.04.1001,Pasar Minggu
31.74.04.1002,Jati Padang
31.74.04.1003,Cilandak Timur
31.74.04.1004,Ragunan
31.74.04.1005,Pejaten Timur
31.74.04.1006,Pejaten Barat
31.74.04.1007,Kebagusan
31.74.05.1001,Kebayoran Lama Utara
31.74.05.1002,Pondok Pinang
31.74.05.1003,Cipulir
31.74.05.1004,Grogol Utara
31.74.05.1005,Grogol Selatan
31.74.05.1006,Kebayoran Lama Selatan
31.74.06.1001,Cilandak Barat
31.74.06.1002,Lebak Bulus
31.74.06.1003,Pondok Labu
31.74.06.1004,Gandaria Selatan
31.74.06.1005,Cipete Selatan
31.74.07.1001,Melawai
31.74.07.1002,Gunung
31.74.07.1003,Kramat Pela
31.74.07.1004,Selong
31.74.07.1005,Rawa Barat
31.74.07.1006,Senayan
31.74.07.1007,Pulo
31.74.07.1008,Petogogan
31.74.07.1009,Gandaria Utara
31.74.07.1010,Cipete Utara
31.74.08.1001,Pancoran
31.74.08.1002,Kalibata
31.74.08.1003,Rawajati
31.74.08.1004,Duren Tiga
31.74.08.1005,Pengadegan
31.74.08.1006,Cikoko
31.74.09.1001,Jagakarsa
31.74.09.1002,Srengseng Sawah
31.74.09.1003,Ciganjur
31.74.09.1004,Lenteng Agung
31.74.09.1005,Tanjung Barat
31.74.09.1006,Cipedak
31.74.10.1001,Pesanggrahan
31.74.10.1002,Bintaro
31.74.10.1003,Petukangan Utara
31.74.10.1004,Petukangan Selatan
31.74.10.1005,Ulujami
31.75,KOTA ADM. JAKARTA TIMUR
31.75.01.1001,Pisangan Baru
31.75.01.1002,Utan Kayu Utara
31.75.01.1003,Kayu Manis
31.75.01.1004,Palmeriam
31.75.01.1005,Kebon Manggis
31.75.01.1006,Utan Kayu Selatan
31.75.02.1001,Pulo Gadung
31.75.02.1002,Pisangan Timur
31.75.02.1003,Cipinang
31.75.02.1004,Jatinegara Kaum
31.75.02.1005,Rawamangun
31.75.02.1006,Kayu Putih
31.75.02.1007,Jati
31.75.03.1001,Kampung Melayu
31.75.03.1002,Bidara Cina
31.75.03.1003,Bali Mester
31.75.03.1004,Rawa Bunga
31.75.03.1005,Cipinang Cempedak
31.75.03.1006,Cipinang Muara
31.75.03.1007,Cipinang Besar Selatan
31.75.03.1008,Cipinang Besar Utara
31.75.04.1001,Kramatjati
31.75.04.1002,Tengah
31.75.04.1003,Dukuh
31.75.04.1004,Batu Ampar
31.75.04.1005,Balekambang
31.75.04.1006,Cililitan
31.75.04.1007,Cawang
31.75.05.1001,Gedong
31.75.05.1002,Baru
31.75.05.1003,Cijantung
31.75.05.1004,Kalisari
31.75.05.1005,Pekayon
31.75.06.1001,Jatinegara
31.75.06.1002,Rawa Terate
31.75.06.1003,Penggilingan
31.75.06.1004,Cakung Timur
31.75.06.1005,Pulo Gebang
31.75.06.1006,Ujung Menteng
31.75.06.1007,Cakung Barat
31.75.07.1001,Duren Sawit
31.75.07.1002,Pondok Bambu
31.75.07.1003,Klender
31.75.07.1004,Pondok Kelapa
31.75.07.1005,Malaka Sari
31.75.07.1006,Malaka Jaya
31.75.07.1007,Pondok Kopi
31.75.08.1001,Makasar
31.75.08.1002,Pinangranti
31.75.08.1003,Kebon Pala
31.75.08.1004,Halim Perdana Kusuma
31.75.08.1005,Cipinang Melayu
31.75.09.1001,Ciracas
31.75.09.1002,Cibubur
31.75.09.1003,Kelapa Dua Wetan
31.75.09.1004,Susukan
31.75.09.1005,Rambutan
31.75.10.1001,Cipayung
31.75.10.1002,Cilangkap
31.75.10.1003,Pondok Ranggon
31.75.10.1004,Munjul
31.75.10.1005,Setu
31.75.10.1006,Bambu Apus
31.75.10.1007,Lubang Buaya
31.75.10.1008,Ceger
51,BALI
51.01,KAB. JEMBRANA
51.01.01.1006,Baler Bale Agung
51.01.01.1008,Banjar Tengah
51.01.01.1013,Lelateng
51.01.01.1014,Loloan Barat
51.01.01.2001,Cupel
51.01.01.2002,Baluk
51.01.01.2003,Banyu Biru
51.01.01.2004,Kaliakah
51.01.01.2005,Berangbang
51.01.01.2009,Tegal Badeng Timur
51.01.01.2010,Tegal Badeng Barat
51.01.01.2011,Pengambengan
51.01.02.1006,Tegalcangkring
51.01.02.2001,Mendoyo Dauh Tukad
51.01.02.2002,Pohsanten
51.01.02.2003,Mendoyo Dangin Tukad
51.01.02.2004,Pergung
51.01.02.2005,Delodberawah
51.01.02.2007,Penyaringan
51.01.02.2008,Yehembang
51.01.02.2009,Yeh Sumbul
51.01.02.2010,Yehembang Kauh
51.01.02.2011,Yehembang Kangin
51.01.03.2001,Medewi
51.01.03.2002,Pulukan
51.01.03.2003,Asahduren
51.01.03.2004,Pekutatan
51.01.03.2005,Pangyangan
51.01.03.2006,Gumbrih
51.01.03.2007,Manggissari
51.01.03.2008,Pengragoan
51.01.04.1001,Gilimanuk
51.01.04.2002,Melaya
51.01.04.2003,Belimbingsari
51.01.04.2004,Ekasari
51.01.04.2005,Nusasari
51.01.04.2006,Warnasari
51.01.04.2007,Candikusuma
51.01.04.2008,Tuwed
51.01.04.2009,Tukadaya
51.01.04.2010,Manistutu
51.01.05.1001,Pendem
51.01.05.1003,Loloan Timur
51.01.05.1005,Dauhwaru
51.01.05.1009,Sangkaragung
51.01.05.2002,Perancak
51.01.05.2004,Batu Agung
51.01.05.2006,Budeng
51.01.05.2007,Air Kuning
51.01.05.2008,Yehkuning
51.01.05.2010,Dangin Tukadaya
51.02,KAB. TABANAN
51.02.01.2001,Bajera
51.02.01.2002,Wanagiri
51.02.01.2003,Pupuan Sawah
51.02.01.2004,Berembeng
51.02.01.2005,Selemadeg
51.02.01.2006,Sarampingan
51.02.01.2007,Antap
51.02.01.2008,Wanagiri Kauh
51.02.01.2009,Manikyang
51.02.01.2010,Bajera Utara
51.02.02.2001,Gunung Salak
51.02.02.2002,Gadungan
51.02.02.2003,Bantas
51.02.02.2004,Mambang
51.02.02.2005,Megati
51.02.02.2006,Tangguntiti
51.02.02.2007,Beraban
51.02.02.2008,Tegal Mengkeb
51.02.02.2009,Dalang
51.02.02.2010,Gadungsari
51.02.03.2001,Mundeh
51.02.03.2002,Mundeh Kangin
51.02.03.2003,Lalanglinggah
51.02.03.2004,Antosari
51.02.03.2005,Lumbung
51.02.03.2006,Lumbung Kauh
51.02.03.2007,Tiing Gading
51.02.03.2008,Mundeh Kauh
51.02.03.2009,Angkah
51.02.03.2010,Selabih
51.02.03.2011,Bengkel Sari
51.02.04.2001,Tibubiu
51.02.04.2002,Kelating
51.02.04.2003,Penarukan
51.02.04.2004,Belumbang
51.02.04.2005,Tista
51.02.04.2006,Kerambitan
51.02.04.2007,Pangkung Karung
51.02.04.2008,Samsam
51.02.04.2009,Kukuh
51.02.04.2010,Baturiti
51.02.04.2011,Meliling
51.02.04.2012,Sembung Gede
51.02.04.2013,Batuaji
51.02.04.2014,Kesiut
51.02.04.2015,Timpag
51.02.05.2001,Sudimara
51.02.05.2002,Gubug
51.02.05.2003,Bongan
51.02.05.2004,Delod Peken
51.02.05.2005,Dauh Peken
51.02.05.2006,Dajan Peken
51.02.05.2007,Denbantas
51.02.05.2008,Subamia
51.02.05.2009,Wanasari
51.02.05.2010,Tunjuk
51.02.05.2011,Buahan
51.02.05.2012,Sedandan
51.02.06.2001,Bengkel
51.02.06.2002,Pangkung Tibah
51.02.06.2003,Belalang
51.02.06.2004,Beraban
51.02.06.2005,Buwit
51.02.06.2006,Cepaka
51.02.06.2007,Kaba-kaba
51.02.06.2008,Nyambu
51.02.06.2009,Pandak Bandung
51.02.06.2010,Pandak Gede
51.02.06.2011,Nyitdah
51.02.06.2012,Pejaten
51.02.06.2013,Kediri
51.02.06.2014,Abian Tuwung
51.02.06.2015,Banjar Anyar
51.02.07.2001,Kukuh
51.02.07.2002,Beringkit
51.02.07.2003,Peken
51.02.07.2004,Batannyuh
51.02.07.2005,Tegaljadi
51.02.07.2006,Kuwum
51.02.07.2007,Selanbawak
51.02.07.2008,Marga
51.02.07.2009,Petiga
51.02.07.2010,Cau Belayu
51.02.07.2011,Tua
51.02.07.2012,Payangan
51.02.07.2013,Marga Dajan Puri
51.02.07.2014,Marga Dauh Puri
51.02.07.2015,Geluntung
51.02.07.2016,Baru
51.02.08.2001,Rejasa
51.02.08.2002,Jegu
51.02.08.2003,Riang Gede
51.02.08.2004,Buruan
51.02.08.2005,Biaung
51.02.08.2006,Pitra
51.02.08.2007,Penatahan
51.02.08.2008,Tengkudak
51.02.08.2009,Mengesta
51.02.08.2010,Penebel
51.02.08.2011,Babakan
51.02.08.2012,Senganan
51.02.08.2013,Jatiluwih
51.02.08.2014,Wongaya Gede
51.02.08.2015,Tajen
51.02.08.2016,Tegallinggah
51.02.08.2017,Pesagi
51.02.08.2018,Sangketan
51.02.09.2001,Perean
51.02.09.2002,Luwus
51.02.09.2003,Apuan
51.02.09.2004,Angseri
51.02.09.2005,Bangli
51.02.09.2006,Baturiti
51.02.09.2007,Antapan
51.02.09.2008,Candikuning
51.02.09.2009,Mekarsari
51.02.09.2010,Batunya
51.02.09.2011,Perean Tengah
51.02.09.2012,Perean Kangin
51.02.10.2001,Belimbing
51.02.10.2002,Sanda
51.02.10.2003,Batungsel
51.02.10.2004,Kebon Padangan
51.02.10.2005,Munduk Temu
51.02.10.2006,Pujungan
51.02.10.2007,Pupuan
51.02.10.2008,Bantiran
51.02.10.2009,Padangan
51.02.10.2010,Jelijih Punggung
51.02.10.2011,Belatungan
51.02.10.2012,Pajahan
51.02.10.2013,Karyasari
51.02.10.2014,Sai
51.03,KAB. BADUNG
51.03.01.1001,Tuban
51.03.01.1002,Kuta
51.03.01.1003,Kedonganan
51.03.01.1004,Legian
51.03.01.1005,Seminyak
51.03.02.1004,Kapal
51.03.02.1005,Sempidi
51.03.02.1014,Abianbase
51.03.02.1015,Sading
51.03.02.1016,Lukluk
51.03.02.2001,Munggu
51.03.02.2002,Buduk
51.03.02.2003,Mengwitani
51.03.02.2006,Penarungan
51.03.02.2007,Sembung
51.03.02.2008,Baha
51.03.02.2009,Mengwi
51.03.02.2010,Kekeran
51.03.02.2011,Sobangan
51.03.02.2012,Gulingan
51.03.02.2013,Werdi Bhuwana
51.03.02.2017,Cemagi
51.03.02.2018,Pererenan
51.03.02.2019,Tumbakbayuh
51.03.02.2020,Kuwun
51.03.03.2001,Darmasaba
51.03.03.2002,Sibangkaja
51.03.03.2003,Sibanggede
51.03.03.2004,Jagapati
51.03.03.2005,Angantaka
51.03.03.2006,Sedang
51.03.03.2007,Mambal
51.03.03.2008,Abiansemal
51.03.03.2009,Bongkasa
51.03.03.2010,Taman
51.03.03.2011,Blahkiuh
51.03.03.2012,Ayunan
51.03.03.2013,Sangeh
51.03.03.2014,Punggul
51.03.03.2015,Mekar Bhuwana
51.03.03.2016,Abiansemal Dauh Yeh Cani
51.03.03.2017,Selat
51.03.03.2018,Bongkasa Pertiwi
51.03.04.2001,Carangsari
51.03.04.2002,Petang
51.03.04.2003,Belok/Sidan
51.03.04.2004,Pelaga
51.03.04.2005,Getasan
51.03.04.2006,Pangsan
51.03.04.2007,Sulangai
51.03.05.1004,Benoa
51.03.05.1005,Tanjung Benoa
51.03.05.1006,Jimbaran
51.03.05.2001,Pecatu
51.03.05.2002,Ungasan
51.03.05.2003,Kutuh
51.03.06.1001,Kerobokan Kelod
51.03.06.1002,Kerobokan
51.03.06.1003,Kerobokan Kaja
51.03.06.2004,Tibubeneng
51.03.06.2005,Canggu
51.03.06.2006,Dalung
51.04,KAB. GIANYAR
51.04.01.2001,Batubulan
51.04.01.2002,Ketewel
51.04.01.2003,Guwang
51.04.01.2004,Sukawati
51.04.01.2005,Celuk
51.04.01.2006,Singapadu
51.04.01.2007,Batuan
51.04.01.2008,Kemenuh
51.04.01.2009,Batubulan Kangin
51.04.01.2010,Singapadu Tengah
51.04.01.2011,Singapadu Kaler
51.04.01.2012,Batuan Kaler
51.04.02.2001,Saba
51.04.02.2002,Pering
51.04.02.2003,Keramas
51.04.02.2004,Belega
51.04.02.2005,Blahbatuh
51.04.02.2006,Buruan
51.04.02.2007,Bedulu
51.04.02.2008,Medahan
51.04.02.2009,Bona
51.04.03.1003,Samplangan
51.04.03.1005,Abianbase
51.04.03.1006,Gianyar
51.04.03.1007,Bitera
51.04.03.1008,Beng
51.04.03.2001,Tulikup
51.04.03.2002,Sidan
51.04.03.2004,Lebih
51.04.03.2009,Bakbakan
51.04.03.2010,Siangan
51.04.03.2011,Suwat
51.04.03.2012,Petak
51.04.03.2013,Serongga
51.04.03.2014,Petak Kaja
51.04.03.2015,Temesi
51.04.03.2016,Sumita
51.04.03.2017,Tegal Tugu
51.04.04.2001,Pejeng
51.04.04.2002,Sanding
51.04.04.2003,Tampaksiring
51.04.04.2004,Manukaya
51.04.04.2005,Pejeng Kawan
51.04.04.2006,Pejeng Kaja
51.04.04.2007,Pejeng Kangin
51.04.04.2008,Pejeng Kelod
51.04.05.1005,Ubud
51.04.05.2001,Lodtunduh
51.04.05.2002,Mas
51.04.05.2003,Singakerta
51.04.05.2004,Kedewatan
51.04.05.2006,Peliatan
51.04.05.2007,Petulu
51.04.05.2008,Sayan
51.04.06.2001,Keliki
51.04.06.2002,Tegallalang
51.04.06.2003,Kenderan
51.04.06.2004,Kedisan
51.04.06.2005,Pupuan
51.04.06.2006,Sebatu
51.04.06.2007,Taro
51.04.07.2001,Melinggih
51.04.07.2002,Kelusa
51.04.07.2003,Bukian
51.04.07.2004,Puhu
51.04.07.2005,Buahan
51.04.07.2006,Kerta
51.04.07.2007,Melinggih Kelod
51.04.07.2008,Buahan Kaja
51.04.07.2009,Bresela
51.05,KAB. KLUNGKUNG
51.05.01.2001,Sakti
51.05.01.2002,Batumadeg
51.05.01.2003,Klumpu
51.05.01.2004,Batukandik
51.05.01.2005,Sekartaji
51.05.01.2006,Tanglad
51.05.01.2007,Suana
51.05.01.2008,Batununggul
51.05.01.2009,Kutampi
51.05.01.2010,Ped
51.05.01.2011,Kampung Toyapakeh
51.05.01.2012,Lembongan
51.05.01.2013,Jungutbatu
51.05.01.2014,Pejukutan
51.05.01.2015,Kutampi Kaler
51.05.01.2016,Bunga Mekar
51.05.02.2001,Negari
51.05.02.2002,Takmung
51.05.02.2003,Banjarangkan
51.05.02.2004,Tusan
51.05.02.2005,Bakas
51.05.02.2006,Getakan
51.05.02.2007,Tihingan
51.05.02.2008,Aan
51.05.02.2009,Nyalian
51.05.02.2010,Bungbungan
51.05.02.2011,Timuhun
51.05.02.2012,Nyanglan
51.05.02.2013,Tohpati
51.05.03.1008,Semarapura Kaja
51.05.03.1009,Semarapura Kauh
51.05.03.1010,Semarapura Tengah
51.05.03.1011,Semarapura Kangin
51.05.03.1012,Semarapura Kelod Kangin
51.05.03.1013,Semarapura Kelod
51.05.03.2001,Satra
51.05.03.2002,Tojan
51.05.03.2003,Gelgel
51.05.03.2004,Kampung Gelgel
51.05.03.2005,Jumpai
51.05.03.2006,Tangkas
51.05.03.2007,Kamasan
51.05.03.2014,Akah
51.05.03.2015,Manduang
51.05.03.2016,Selat
51.05.03.2017,Tegak
51.05.03.2018,Selisihan
51.05.04.2001,Paksebali
51.05.04.2002,Sampalan Tengah
51.05.04.2003,Sampalan Kelod
51.05.04.2004,Sulang
51.05.04.2005,Gunaksa
51.05.04.2006,Kusamba
51.05.04.2007,Kampung Kusamba
51.05.04.2008,Pesinggahan
51.05.04.2009,Dawan Kelod
51.05.04.2010,Pikat
51.05.04.2011,Dawan Kaler
51.05.04.2012,Besan
51.06,KAB. BANGLI
51.06.01.2001,Apuan
51.06.01.2002,Demulih
51.06.01.2003,Abuan
51.06.01.2004,Susut
51.06.01.2005,Sulahan
51.06.01.2006,Penglumbaran
51.06.01.2007,Tiga
51.06.01.2008,Selat
51.06.01.2009,Pengiangan
51.06.02.1003,Bebalang
51.06.02.1004,Kawan
51.06.02.1005,Cempaga
51.06.02.1006,Kubu
51.06.02.2001,Bunutin
51.06.02.2002,Tamanbali
51.06.02.2007,Kayubihi
51.06.02.2008,Pengotan
51.06.02.2009,Landih
51.06.03.2001,Jehem
51.06.03.2002,Tembuku
51.06.03.2003,Yangapi
51.06.03.2004,Undisan
51.06.03.2005,Bangbang
51.06.03.2006,Peninjoan
51.06.04.2001,Mengani
51.06.04.2002,Binyan
51.06.04.2003,Ulian
51.06.04.2004,Bunutin
51.06.04.2005,Langgahan
51.06.04.2006,Lembean
51.06.04.2007,Manikliyu
51.06.04.2008,Bayung Cerik
51.06.04.2009,Mangguh
51.06.04.2010,Belancan
51.06.04.2011,Katung
51.06.04.2012,Banua
51.06.04.2013,Abuan
51.06.04.2014,Bonyoh
51.06.04.2015,Sekaan
51.06.04.2016,Bayung Gede
51.06.04.2017,Sekardadi
51.06.04.2018,Kedisan
51.06.04.2019,Buahan
51.06.04.2020,Abangsongan
51.06.04.2021,Suter
51.06.04.2022,Batudinding
51.06.04.2023,Terunyan
51.06.04.2024,Songan A
51.06.04.2025,Songan B
51.06.04.2026,Batur Selatan
51.06.04.2027,Batur Tengah
51.06.04.2028,Batur Utara
51.06.04.2029,Kintamani
51.06.04.2030,Serai
51.06.04.2031,Daup
51.06.04.2032,Awan
51.06.04.2033,Gunungbau
51.06.04.2034,Belanga
51.06.04.2035,Batukaang
51.06.04.2036,Belantih
51.06.04.2037,Catur
51.06.04.2038,Pengejaran
51.06.04.2039,Selulung
51.06.04.2040,Satra
51.06.04.2041,Dausa
51.06.04.2042,Bantang
51.06.04.2043,Sukawana
51.06.04.2044,Kutuh
51.06.04.2045,Subaya
51.06.04.2046,Siakin
51.06.04.2047,Pinggan
51.06.04.2048,Belandingan
51.07,KAB. KARANGASEM
51.07.01.2001,Nongan
51.07.01.2002,Rendang
51.07.01.2003,Menanga
51.07.01.2004,Besakih
51.07.01.2005,Pempatan
51.07.01.2006,Pesaban
51.07.02.2001,Tangkup
51.07.02.2002,Talibeng
51.07.02.2003,Sidemen
51.07.02.2004,Sangkan Gunung
51.07.02.2005,Telaga Tawang
51.07.02.2006,Sinduwati
51.07.02.2007,Tri Eka Buana
51.07.02.2008,Kerta Buana
51.07.02.2009,Lakasari
51.07.02.2010,Wismakerta
51.07.03.2001,Gegelang
51.07.03.2002,Antiga
51.07.03.2003,Ulakan
51.07.03.2004,Manggis
51.07.03.2005,Nyuh Tebel
51.07.03.2006,Tenganan
51.07.03.2007,Ngis
51.07.03.2008,Selumbung
51.07.03.2009,Padangbai
51.07.03.2010,Antiga Kelod
51.07.03.2011,Pasedahan
51.07.03.2012,Sengkidu
51.07.04.1002,Subagan
51.07.04.1003,Padang Kerta
51.07.04.1004,Karang asem
51.07.04.2001,Bugbug
51.07.04.2005,Tumbu
51.07.04.2006,Seraya
51.07.04.2007,Seraya Barat
51.07.04.2008,Seraya Timur
51.07.04.2009,Pertima
51.07.04.2010,Tegalinggah
51.07.04.2011,Bukit
51.07.05.2001,Ababi
51.07.05.2002,Tiying Tali
51.07.05.2003,Bunutan
51.07.05.2004,Tista
51.07.05.2005,Abang
51.07.05.2006,Pidpid
51.07.05.2007,Datah
51.07.05.2008,Culik
51.07.05.2009,Purwakerti
51.07.05.2010,Kerta Mandala
51.07.05.2011,Labasari
51.07.05.2012,Nawa Kerti
51.07.05.2013,Kesimpar
51.07.05.2014,Tribuana
51.07.06.2001,Bungaya
51.07.06.2002,Budekeling
51.07.06.2003,Bebanden
51.07.06.2004,Sibetan
51.07.06.2005,Jungutan
51.07.06.2006,Bungaya Kangin
51.07.06.2007,Buana Giri
51.07.06.2008,Macang
51.07.07.2001,Muncan
51.07.07.2002,Selat
51.07.07.2003,Duda
51.07.07.2004,Sebudi
51.07.07.2005,Duda Utara
51.07.07.2006,Duda Timur
51.07.07.2007,Pering Sari
51.07.07.2008,Amerta Bhuana
51.07.08.2001,Ban
51.07.08.2002,Dukuh
51.07.08.2003,Kubu
51.07.08.2004,Tianyar
51.07.08.2005,Tianyar Barat
51.07.08.2006,Tianyar Tengah
51.07.08.2007,Tulamben
51.07.08.2008,Baturinggit
51.07.08.2009,Sukadana
51.08,KAB. BULELENG
51.08.01.2001,Sumberklampok
51.08.01.2002,Pejarakan
51.08.01.2003,Sumberkima
51.08.01.2004,Pemuteran
51.08.01.2005,Banyupoh
51.08.01.2006,Penyambangan
51.08.01.2007,Musi
51.08.01.2008,Sanggalangit
51.08.01.2009,Gerokgak
51.08.01.2010,Patas
51.08.01.2011,Pengulon
51.08.01.2012,Tinga-tinga
51.08.01.2013,Celukanbawang
51.08.01.2014,Tukadsumaga
51.08.02.1015,Seririt
51.08.02.2001,Unggahan
51.08.02.2002,Ularan
51.08.02.2003,Ringdikit
51.08.02.2004,Rangdu
51.08.02.2005,Mayong
51.08.02.2006,Gunungsari
51.08.02.2007,Munduk Bestala
51.08.02.2008,Bestala
51.08.02.2009,Kalianget
51.08.02.2010,Joanyar
51.08.02.2011,Tangguwisia
51.08.02.2012,Sulanyah
51.08.02.2013,Bubunan
51.08.02.2014,Patemon
51.08.02.2016,Pengastulan
51.08.02.2017,Lokapaksa
51.08.02.2018,Pangkungparuk
51.08.02.2019,Banjarasem
51.08.02.2020,Kalisada
51.08.02.2021,Umeanyar
51.08.03.2001,Sepang
51.08.03.2002,Tista
51.08.03.2003,Bongancina
51.08.03.2004,Pucaksari
51.08.03.2005,Telaga
51.08.03.2006,Titab
51.08.03.2007,Subuk
51.08.03.2008,Tinggarsari
51.08.03.2009,Kedis
51.08.03.2010,Kekeran
51.08.03.2011,Busungbiu
51.08.03.2012,Pelapuan
51.08.03.2013,Bengkel
51.08.03.2014,Umejero
51.08.03.2015,Sepang Kelod
51.08.04.2001,Banyuseri
51.08.04.2002,Tirtasari
51.08.04.2003,Kayuputih
51.08.04.2004,Banyuatis
51.08.04.2005,Gesing
51.08.04.2006,Munduk
51.08.04.2007,Gobleg
51.08.04.2008,Pedawa
51.08.04.2009,Cempaga
51.08.04.2010,Sidetapa
51.08.04.2011,Tampekan
51.08.04.2012,Banjar Tegeha
51.08.04.2013,Banjar
51.08.04.2014,Dencarik
51.08.04.2015,Temukus
51.08.04.2016,Tigawasa
51.08.04.2017,Kaliasem
51.08.05.1009,Sukasada
51.08.05.2001,Pancasari
51.08.05.2002,Wanagiri
51.08.05.2003,Ambengan
51.08.05.2004,Gitgit
51.08.05.2005,Pegayaman
51.08.05.2006,Silangjana
51.08.05.2007,Pegadungan
51.08.05.2008,Padangbulia
51.08.05.2010,Sambangan
51.08.05.2011,Panji
51.08.05.2012,Panji Anom
51.08.05.2013,Tegallinggah
51.08.05.2014,Selat
51.08.05.2015,Kayu Putih
51.08.06.1006,Banyuasri
51.08.06.1007,Banjar Tegal
51.08.06.1008,Kendran
51.08.06.1009,Paket Agung
51.08.06.1010,Kampung Singaraja
51.08.06.1011,Liligundi
51.08.06.1012,Beratan
51.08.06.1019,Banyuning
51.08.06.1020,Penarukan
51.08.06.1021,Kampung Kajanan
51.08.06.1022,Astina
51.08.06.1023,Banjar Jawa
51.08.06.1024,Kaliuntu
51.08.06.1025,Kampung Anyar
51.08.06.1026,Kampung Bugis
51.08.06.1027,Banjar Bali
51.08.06.1029,Kampung Baru
51.08.06.2001,Kalibukbuk
51.08.06.2002,Anturan
51.08.06.2003,Tukadmungga
51.08.06.2004,Pemaron
51.08.06.2005,Baktiseraga
51.08.06.2013,Sarimekar
51.08.06.2014,Nagasepaha
51.08.06.2015,Petandakan
51.08.06.2016,Alasangker
51.08.06.2017,Poh Bergong
51.08.06.2018,Jinangdalem
51.08.06.2028,Penglatan
51.08.07.2001,Lemukih
51.08.07.2002,Galungan
51.08.07.2003,Sekumpul
51.08.07.2004,Bebetin
51.08.07.2005,Sudaji
51.08.07.2006,Sawan
51.08.07.2007,Menyali
51.08.07.2008,Suwug
51.08.07.2009,Jagaraga
51.08.07.2010,Sinabun
51.08.07.2011,Kerobokan
51.08.07.2012,Sangsit
51.08.07.2013,Bungkulan
51.08.07.2014,Giri Emas
51.08.08.2001,Tambakan
51.08.08.2002,Pakisan
51.08.08.2003,Bontihing
51.08.08.2004,Tajun
51.08.08.2005,Tunjung
51.08.08.2006,Depeha
51.08.08.2007,Tamblang
51.08.08.2008,Bulian
51.08.08.2009,Bila
51.08.08.2010,Bengkala
51.08.08.2011,Kubutambahan
51.08.08.2012,Bukti
51.08.08.2013,Mengening
51.08.09.2001,Sembiran
51.08.09.2002,Pacung
51.08.09.2003,Julah
51.08.09.2004,Madenan
51.08.09.2005,Bondalem
51.08.09.2006,Tejakula
51.08.09.2007,Les
51.08.09.2008,Penuktukan
51.08.09.2009,Sambirenteng
51.08.09.2010,Tembok
51.71,KOTA DENPASAR
51.71.01.1001,Serangan
51.71.01.1002,Pedungan
51.71.01.1003,Sesetan
51.71.01.1004,Panjer
51.71.01.1005,Renon
51.71.01.1006,Sanur
51.71.01.2007,Sidakarya
51.71.01.2008,Pemogan
51.71.01.2009,Sanur Kaja
51.71.01.2010,Sanur Kauh
51.71.02.1003,Kesiman
51.71.02.1006,Sumerta
51.71.02.1010,Dangin Puri
51.71.02.1014,Penatih
51.71.02.2001,Dangin Puri Kelod
51.71.02.2002,Sumerta Kelod
51.71.02.2004,Kesiman Petilan
51.71.02.2005,Kesiman Kertalangu
51.71.02.2007,Sumerta Kaja
51.71.02.2008,Sumerta Kauh
51.71.02.2015,Penatih Dangin Puri
51.71.03.1005,Dauh Puri
51.71.03.1007,Pemecutan
51.71.03.1010,Padangsambian
51.71.03.2001,Padangsambian Kelod
51.71.03.2002,Pemecutan Kelod
51.71.03.2003,Dauh Puri Kauh
51.71.03.2004,Dauh Puri Kelod
51.71.03.2006,Dauh Puri Kangin
51.71.03.2008,Tegal Harum
51.71.03.2009,Tegal Kertha
51.71.03.2011,Padang Sambian Kaja
51.71.04.1004,Tonja
51.71.04.1007,Ubung
51.71.04.1009,Peguyangan
51.71.04.2001,Dangin Puri Kangin
51.71.04.2002,Dangin Puri Kauh
51.71.04.2003,Dangin Puri Kaja
51.71.04.2005,Pemecutan Kaja
51.71.04.2006,Dauh Puri Kaja
51.71.04.2008,Ubung Kaja
51.71.04.2010,Peguyangan Kaja
51.71.04.2011,Peguyangan Kangin
